word,count,date,Longitude,Latitude
germany,1,20040701,13.4,52.516667
france,2,20040701,2.333333,48.866667
spain,2,20040701,-3.683333,40.4
hamburg,1,20040702,10,53.55
armenia,1,20040707,44.513611,40.181111
kawasaki,1,20040707,139.68,35.53
india,1,20040707,77.2,28.6
france,1,20040708,2.333333,48.866667
london,1,20040712,-0.17,51.5
china,1,20040712,116.388333,39.928889
chicago,1,20040712,-87.75,41.83
london,2,20040714,-0.17,51.5
austria,1,20040714,16.366667,48.2
canada,1,20040714,-75.7,45.416667
china,1,20040714,116.388333,39.928889
japan,1,20040714,139.751389,35.685
france,1,20040714,2.333333,48.866667
taiwan,1,20040714,121.531846,25.047763
haiti,1,20040715,-72.335,18.539167
chicago,1,20040715,-87.75,41.83
georgia,3,20040719,44.790833,41.725
chad,1,20040719,15.048173,12.108502
taipei,1,20040720,121.45,25.02
chicago,1,20040720,-87.75,41.83
albania,3,20040720,19.818889,41.3275
taiwan,1,20040720,121.531846,25.047763
houston,1,20040720,-95.33,29.83
pune,1,20040720,73.97,18.57
tokyo,1,20040720,139.75,35.67
seoul,1,20040720,10776201,127
japan,1,20040720,139.751389,35.685
china,3,20040721,116.388333,39.928889
tokyo,1,20040721,139.75,35.67
japan,2,20040721,139.751389,35.685
shanghai,1,20040721,121.47,31.23
taiwan,8,20040722,121.531846,25.047763
japan,13,20040722,139.751389,35.685
china,27,20040722,116.388333,39.928889
canada,1,20040722,-75.7,45.416667
georgia,1,20040723,44.790833,41.725
mexico,1,20040723,-99.138611,19.434167
colombia,2,20040723,-74.083333,4.6
france,1,20040723,2.333333,48.866667
canada,1,20040726,-75.7,45.416667
taipei,1,20040727,121.45,25.02
taiwan,5,20040727,121.531846,25.047763
china,11,20040727,116.388333,39.928889
mexico,1,20040727,-99.138611,19.434167
canada,1,20040727,-75.7,45.416667
japan,12,20040727,139.751389,35.685
alger,12,20040727,3,36.75
australia,1,20040727,149.216667,-35.283333
japan,1,20040728,139.751389,35.685
india,10,20040728,77.2,28.6
canada,1,20040728,-75.7,45.416667
brazil,1,20040728,-47.916667,-15.783333
mexico,1,20040729,-99.138611,19.434167
canada,1,20040729,-75.7,45.416667
chicago,1,20040729,-87.75,41.83
germany,1,20040729,13.4,52.516667
singapore,1,20040731,20.468056,44.818611
canada,1,20040801,-75.7,45.416667
australia,1,20040802,149.216667,-35.283333
japan,6,20040802,139.751389,35.685
japan,1,20040803,139.751389,35.685
china,7,20040803,116.388333,39.928889
australia,1,20040803,149.216667,-35.283333
canada,1,20040804,-75.7,45.416667
france,2,20040805,2.333333,48.866667
austria,1,20040805,16.366667,48.2
seoul,1,20040805,10776201,127
netherlands,2,20040805,4.916667,52.35
brazil,1,20040805,-47.916667,-15.783333
poland,1,20040805,21,52.25
singapore,1,20040805,20.468056,44.818611
slovenia,1,20040805,14.514444,46.055278
canada,2,20040805,-75.7,45.416667
lima,1,20040805,-77.05,-12.1
germany,1,20040805,13.4,52.516667
france,2,20040809,2.333333,48.866667
georgia,3,20040809,44.790833,41.725
canada,10,20040809,-75.7,45.416667
india,2,20040809,77.2,28.6
cuba,2,20040810,-82.364167,23.131944
china,7,20040810,116.388333,39.928889
valencia,2,20040810,-67.98,10.23
japan,6,20040810,139.751389,35.685
shanghai,1,20040811,121.47,31.23
philippines,1,20040812,120.982222,14.604167
china,2,20040812,116.388333,39.928889
taiwan,1,20040812,121.531846,25.047763
japan,1,20040812,139.751389,35.685
france,1,20040813,2.333333,48.866667
philippines,2,20040813,120.982222,14.604167
china,2,20040813,116.388333,39.928889
taiwan,2,20040813,121.531846,25.047763
japan,1,20040813,139.751389,35.685
japan,1,20040817,139.751389,35.685
chicago,6,20040818,-87.75,41.83
santiago,2,20040818,-70.67,-33.5
germany,1,20040818,13.4,52.516667
london,1,20040818,-0.17,51.5
mexico,2,20040818,-99.138611,19.434167
dallas,1,20040818,-96.83,32.83
brazil,3,20040818,-47.916667,-15.783333
sweden,1,20040818,18.05,59.333333
china,10,20040818,116.388333,39.928889
chile,1,20040818,-70.666667,-33.45
philadelphia,2,20040818,-75.17,40
shanghai,2,20040818,121.47,31.23
ireland,1,20040818,-6.248889,53.333056
manila,1,20040818,120.97,14.62
barcelona,1,20040818,2.17,41.42
tokyo,1,20040818,139.75,35.67
taipei,4,20040818,121.45,25.02
canada,8,20040818,-75.7,45.416667
melbourne,1,20040818,144.97,-37.75
japan,8,20040818,139.751389,35.685
osaka,1,20040819,135.5,34.67
madagascar,1,20040819,47.516667,-18.916667
switzerland,1,20040819,7.466667,46.916667
thailand,1,20040819,100.501444,13.753979
london,1,20040819,-0.17,51.5
france,6,20040819,2.333333,48.866667
austria,1,20040819,16.366667,48.2
belgium,1,20040819,4.333333,50.833333
romania,1,20040819,26.1,44.433333
egypt,1,20040819,31.25,30.05
cameroon,1,20040819,11.516667,3.866667
portugal,1,20040819,-9.133333,38.716667
slovakia,1,20040819,17.116667,48.15
botswana,1,20040819,25.911944,-24.646389
denmark,1,20040819,12.583333,55.666667
netherlands,1,20040819,4.916667,52.35
tokyo,1,20040819,139.75,35.67
japan,1,20040819,139.751389,35.685
paris,1,20040820,2.33,48.87
tokyo,1,20040820,139.75,35.67
taiwan,1,20040820,121.531846,25.047763
georgia,1,20040821,44.790833,41.725
chicago,1,20040824,-87.75,41.83
dallas,1,20040824,-96.83,32.83
istanbul,3,20040825,28.95,41.03
japan,2,20040826,139.751389,35.685
china,2,20040826,116.388333,39.928889
japan,6,20040829,139.751389,35.685
japan,14,20040830,139.751389,35.685
cuba,2,20040830,-82.364167,23.131944
germany,1,20040831,13.4,52.516667
singapore,1,20040831,20.468056,44.818611
seoul,2,20040831,10776201,127
paris,4,20040831,2.33,48.87
spain,1,20040831,-3.683333,40.4
france,8,20040831,2.333333,48.866667
montreal,1,20040903,-73.5833,45.5
sudan,2,20040903,32.534167,15.588056
japan,1,20040906,139.751389,35.685
france,1,20040907,2.333333,48.866667
spain,1,20040907,-3.683333,40.4
china,10,20040908,116.388333,39.928889
japan,2,20040908,139.751389,35.685
taiwan,3,20040908,121.531846,25.047763
canada,1,20040908,-75.7,45.416667
japan,1,20040909,139.751389,35.685
china,13,20040909,116.388333,39.928889
london,19,20040910,-0.17,51.5
netherlands,4,20040910,4.916667,52.35
tonga,1,20040913,-175.2,-21.133333
china,23,20040913,116.388333,39.928889
tokyo,2,20040915,139.75,35.67
taiwan,1,20040916,121.531846,25.047763
canada,2,20040916,-75.7,45.416667
japan,1,20040916,139.751389,35.685
china,7,20040916,116.388333,39.928889
chicago,1,20040916,-87.75,41.83
chicago,1,20040920,-87.75,41.83
france,1,20040920,2.333333,48.866667
belgium,1,20040920,4.333333,50.833333
netherlands,1,20040920,4.916667,52.35
spain,3,20040920,-3.683333,40.4
portugal,1,20040920,-9.133333,38.716667
tonga,1,20040921,-175.2,-21.133333
china,14,20040921,116.388333,39.928889
tokyo,1,20040921,139.75,35.67
denmark,4,20040922,12.583333,55.666667
switzerland,1,20040922,7.466667,46.916667
canada,1,20040922,-75.7,45.416667
france,1,20040923,2.333333,48.866667
japan,5,20040923,139.751389,35.685
tokyo,1,20040924,139.75,35.67
chicago,1,20040927,-87.75,41.83
taiwan,5,20040927,121.531846,25.047763
tokyo,1,20040927,139.75,35.67
switzerland,2,20040927,7.466667,46.916667
australia,2,20040927,149.216667,-35.283333
china,3,20040927,116.388333,39.928889
belgium,1,20040927,4.333333,50.833333
inchon,4,20040927,2203102,126.67
warsaw,1,20040927,21,52.25
dallas,1,20040927,-96.83,32.83
japan,1,20040927,139.751389,35.685
houston,1,20040927,-95.33,29.83
london,1,20040928,-0.17,51.5
london,1,20040929,-0.17,51.5
mexico,1,20040929,-99.138611,19.434167
canada,1,20040929,-75.7,45.416667
japan,3,20040929,139.751389,35.685
singapore,1,20040930,20.468056,44.818611
valencia,1,20041001,-67.98,10.23
togo,1,20041001,1.222778,6.131944
iraq,1,20041001,44.400876,33.340582
chicago,1,20041001,-87.75,41.83
liberia,1,20041001,-10.804722,6.310556
mexico,1,20041006,-99.138611,19.434167
canada,2,20041006,-75.7,45.416667
france,3,20041006,2.333333,48.866667
germany,1,20041006,13.4,52.516667
japan,7,20041006,139.751389,35.685
malaysia,1,20041006,101.7,3.166667
iraq,67,20041006,44.400876,33.340582
india,1,20041006,77.2,28.6
china,1,20041006,116.388333,39.928889
taiwan,1,20041011,121.531846,25.047763
japan,6,20041011,139.751389,35.685
china,1,20041011,116.388333,39.928889
japan,4,20041012,139.751389,35.685
china,1,20041012,116.388333,39.928889
taiwan,1,20041012,121.531846,25.047763
canada,1,20041012,-75.7,45.416667
chicago,1,20041013,-87.75,41.83
dallas,1,20041013,-96.83,32.83
netherlands,1,20041015,4.916667,52.35
canada,1,20041015,-75.7,45.416667
argentina,1,20041015,-58.6725,-34.5875
france,1,20041015,2.333333,48.866667
japan,1,20041015,139.751389,35.685
chicago,1,20041015,-87.75,41.83
cuba,2,20041018,-82.364167,23.131944
japan,3,20041018,139.751389,35.685
santiago,1,20041018,-70.67,-33.5
georgia,1,20041018,44.790833,41.725
japan,1,20041019,139.751389,35.685
chicago,1,20041019,-87.75,41.83
london,1,20041019,-0.17,51.5
dallas,1,20041020,-96.83,32.83
chicago,1,20041020,-87.75,41.83
shanghai,3,20041020,121.47,31.23
china,25,20041020,116.388333,39.928889
japan,38,20041020,139.751389,35.685
denmark,2,20041020,12.583333,55.666667
taiwan,16,20041020,121.531846,25.047763
france,1,20041020,2.333333,48.866667
alger,3,20041020,3,36.75
china,1,20041021,116.388333,39.928889
canada,1,20041021,-75.7,45.416667
japan,2,20041021,139.751389,35.685
india,4,20041022,77.2,28.6
tokyo,1,20041022,139.75,35.67
austria,1,20041022,16.366667,48.2
australia,1,20041022,149.216667,-35.283333
france,2,20041022,2.333333,48.866667
netherlands,2,20041022,4.916667,52.35
bangalore,1,20041022,77.58,12.97
singapore,1,20041022,20.468056,44.818611
switzerland,1,20041022,7.466667,46.916667
paris,1,20041022,2.33,48.87
belgium,2,20041022,4.333333,50.833333
spain,1,20041023,-3.683333,40.4
japan,1,20041023,139.751389,35.685
france,1,20041023,2.333333,48.866667
london,1,20041025,-0.17,51.5
jamaica,1,20041025,-76.8,18
tokyo,1,20041025,139.75,35.67
china,3,20041025,116.388333,39.928889
canada,2,20041025,-75.7,45.416667
japan,1,20041025,139.751389,35.685
singapore,1,20041025,20.468056,44.818611
india,1,20041026,77.2,28.6
london,2,20041026,-0.17,51.5
chicago,2,20041026,-87.75,41.83
philippines,1,20041026,120.982222,14.604167
china,33,20041026,116.388333,39.928889
canada,1,20041026,-75.7,45.416667
malaysia,1,20041026,101.7,3.166667
singapore,2,20041026,20.468056,44.818611
thailand,1,20041026,100.501444,13.753979
togo,2,20041026,1.222778,6.131944
alger,18,20041026,3,36.75
japan,25,20041026,139.751389,35.685
taiwan,12,20041026,121.531846,25.047763
india,3,20041028,77.2,28.6
spain,1,20041028,-3.683333,40.4
tokyo,2,20041028,139.75,35.67
australia,1,20041028,149.216667,-35.283333
france,1,20041028,2.333333,48.866667
russia,2,20041028,37.615556,55.752222
hyderabad,1,20041028,78.43,17.37
china,5,20041028,116.388333,39.928889
canada,5,20041028,-75.7,45.416667
phoenix,43,20041028,-112.17,33.5
pakistan,2,20041028,73.0551,33.69
japan,6,20041028,139.751389,35.685
mexico,6,20041028,-99.138611,19.434167
taiwan,12,20041028,121.531846,25.047763
montreal,2,20041029,-73.5833,45.5
canada,1,20041029,-75.7,45.416667
houston,1,20041030,-95.33,29.83
alexandria,1,20041030,29.92,31.22
chicago,1,20041030,-87.75,41.83
singapore,1,20041031,20.468056,44.818611
denmark,1,20041101,12.583333,55.666667
germany,1,20041101,13.4,52.516667
china,1,20041101,116.388333,39.928889
oman,6,20041101,58.593333,23.613333
finland,1,20041101,24.934167,60.175556
canada,1,20041101,-75.7,45.416667
japan,1,20041101,139.751389,35.685
india,2,20041101,77.2,28.6
switzerland,1,20041101,7.466667,46.916667
sweden,1,20041101,18.05,59.333333
georgia,5,20041103,44.790833,41.725
ireland,2,20041108,-6.248889,53.333056
france,1,20041108,2.333333,48.866667
japan,12,20041109,139.751389,35.685
china,26,20041109,116.388333,39.928889
shanghai,1,20041109,121.47,31.23
valencia,12,20041109,-67.98,10.23
guangzhou,1,20041109,113.25,23.12
taiwan,4,20041109,121.531846,25.047763
tokyo,2,20041109,139.75,35.67
china,9,20041112,116.388333,39.928889
guangzhou,1,20041112,113.25,23.12
canada,1,20041115,-75.7,45.416667
tonga,1,20041115,-175.2,-21.133333
shanghai,1,20041115,121.47,31.23
china,37,20041115,116.388333,39.928889
guangzhou,4,20041115,113.25,23.12
taiwan,2,20041115,121.531846,25.047763
georgia,2,20041115,44.790833,41.725
thailand,1,20041115,100.501444,13.753979
singapore,6,20041115,20.468056,44.818611
india,2,20041115,77.2,28.6
japan,1,20041117,139.751389,35.685
shanghai,2,20041117,121.47,31.23
guangzhou,1,20041117,113.25,23.12
china,9,20041117,116.388333,39.928889
spain,1,20041117,-3.683333,40.4
netherlands,1,20041117,4.916667,52.35
portugal,1,20041117,-9.133333,38.716667
france,2,20041117,2.333333,48.866667
belgium,1,20041117,4.333333,50.833333
japan,1,20041119,139.751389,35.685
china,8,20041119,116.388333,39.928889
guangzhou,1,20041119,113.25,23.12
shanghai,1,20041122,121.47,31.23
china,32,20041122,116.388333,39.928889
india,1,20041122,77.2,28.6
guangzhou,2,20041122,113.25,23.12
japan,1,20041122,139.751389,35.685
singapore,1,20041123,20.468056,44.818611
chengdu,1,20041123,104.07,30.67
china,36,20041123,116.388333,39.928889
vietnam,2,20041123,105.85,21.033333
malaysia,1,20041123,101.7,3.166667
guangzhou,1,20041123,113.25,23.12
shanghai,2,20041123,121.47,31.23
xian,2,20041123,108.9,34.27
tonga,1,20041123,-175.2,-21.133333
france,2,20041123,2.333333,48.866667
taiwan,1,20041123,121.531846,25.047763
philadelphia,1,20041123,-75.17,40
japan,11,20041123,139.751389,35.685
osaka,1,20041123,135.5,34.67
canada,2,20041123,-75.7,45.416667
thailand,1,20041123,100.501444,13.753979
tonga,1,20041124,-175.2,-21.133333
chengdu,1,20041124,104.07,30.67
shanghai,2,20041124,121.47,31.23
china,9,20041124,116.388333,39.928889
xian,2,20041124,108.9,34.27
india,7,20041130,77.2,28.6
singapore,1,20041130,20.468056,44.818611
sweden,1,20041201,18.05,59.333333
germany,1,20041201,13.4,52.516667
france,1,20041201,2.333333,48.866667
canada,2,20041201,-75.7,45.416667
shanghai,1,20041201,121.47,31.23
albania,2,20041201,19.818889,41.3275
china,14,20041201,116.388333,39.928889
japan,1,20041201,139.751389,35.685
guangzhou,1,20041201,113.25,23.12
jordan,2,20041203,35.933333,31.95
houston,1,20041203,-95.33,29.83
tonga,3,20041203,-175.2,-21.133333
china,21,20041203,116.388333,39.928889
india,1,20041203,77.2,28.6
japan,1,20041203,139.751389,35.685
guangzhou,1,20041203,113.25,23.12
mexico,1,20041203,-99.138611,19.434167
austria,1,20041204,16.366667,48.2
jordan,4,20041204,35.933333,31.95
georgia,5,20041204,44.790833,41.725
tokyo,1,20041204,139.75,35.67
india,5,20041204,77.2,28.6
australia,1,20041204,149.216667,-35.283333
portugal,1,20041204,-9.133333,38.716667
georgia,3,20041205,44.790833,41.725
chicago,1,20041205,-87.75,41.83
netherlands,1,20041206,4.916667,52.35
ireland,1,20041206,-6.248889,53.333056
jordan,1,20041206,35.933333,31.95
france,1,20041206,2.333333,48.866667
chicago,1,20041206,-87.75,41.83
spain,1,20041206,-3.683333,40.4
cuba,2,20041206,-82.364167,23.131944
portugal,1,20041206,-9.133333,38.716667
handan,2,20041206,114.48,36.58
belgium,1,20041206,4.333333,50.833333
austria,1,20041207,16.366667,48.2
vienna,1,20041207,16.37,48.22
china,11,20041207,116.388333,39.928889
japan,1,20041207,139.751389,35.685
guangzhou,1,20041207,113.25,23.12
china,5,20041208,116.388333,39.928889
tokyo,5,20041208,139.75,35.67
japan,7,20041208,139.751389,35.685
venezuela,1,20041208,-66.916667,10.5
philadelphia,1,20041209,-75.17,40
tonga,2,20041209,-175.2,-21.133333
shanghai,5,20041209,121.47,31.23
china,41,20041209,116.388333,39.928889
seoul,2,20041209,10776201,127
taiwan,1,20041209,121.531846,25.047763
japan,6,20041209,139.751389,35.685
venezuela,1,20041209,-66.916667,10.5
guangzhou,1,20041209,113.25,23.12
mexico,1,20041209,-99.138611,19.434167
tokyo,5,20041209,139.75,35.67
india,1,20041210,77.2,28.6
albania,1,20041211,19.818889,41.3275
georgia,1,20041211,44.790833,41.725
china,10,20041213,116.388333,39.928889
togo,1,20041213,1.222778,6.131944
japan,4,20041213,139.751389,35.685
china,2,20041214,116.388333,39.928889
georgia,1,20041214,44.790833,41.725
japan,3,20041214,139.751389,35.685
tonga,1,20041216,-175.2,-21.133333
guangzhou,2,20041216,113.25,23.12
china,24,20041216,116.388333,39.928889
canada,1,20041216,-75.7,45.416667
india,1,20041216,77.2,28.6
georgia,1,20041220,44.790833,41.725
paris,4,20041220,2.33,48.87
japan,3,20041220,139.751389,35.685
china,1,20041220,116.388333,39.928889
phoenix,4,20041222,-112.17,33.5
guangzhou,17,20041222,113.25,23.12
peru,4,20041222,-77.05,-12.05
mexico,1,20041222,-99.138611,19.434167
china,18,20041222,116.388333,39.928889
paris,2,20041224,2.33,48.87
singapore,1,20041231,20.468056,44.818611
london,3,20050101,-0.17,51.5
brazil,1,20050101,-47.916667,-15.783333
liberia,1,20050101,-10.804722,6.310556
dallas,1,20050101,-96.83,32.83
japan,1,20050104,139.751389,35.685
taiwan,3,20050105,121.531846,25.047763
china,3,20050105,116.388333,39.928889
tokyo,1,20050105,139.75,35.67
japan,3,20050105,139.751389,35.685
canada,1,20050105,-75.7,45.416667
osaka,2,20050105,135.5,34.67
nagoya,1,20050105,136.88,35.13
taiwan,1,20050106,121.531846,25.047763
japan,2,20050106,139.751389,35.685
jordan,1,20050106,35.933333,31.95
australia,1,20050106,149.216667,-35.283333
albania,3,20050107,19.818889,41.3275
tonga,1,20050107,-175.2,-21.133333
china,9,20050107,116.388333,39.928889
paris,3,20050107,2.33,48.87
germany,3,20050107,13.4,52.516667
guangzhou,1,20050107,113.25,23.12
london,6,20050107,-0.17,51.5
china,1,20050109,116.388333,39.928889
japan,2,20050109,139.751389,35.685
georgia,1,20050109,44.790833,41.725
france,1,20050109,2.333333,48.866667
london,1,20050110,-0.17,51.5
japan,3,20050110,139.751389,35.685
australia,1,20050110,149.216667,-35.283333
tonga,12,20050110,-175.2,-21.133333
china,13,20050110,116.388333,39.928889
guangzhou,3,20050110,113.25,23.12
chicago,2,20050110,-87.75,41.83
london,1,20050111,-0.17,51.5
japan,1,20050111,139.751389,35.685
tonga,1,20050111,-175.2,-21.133333
china,23,20050111,116.388333,39.928889
guangzhou,1,20050111,113.25,23.12
shanghai,1,20050113,121.47,31.23
china,25,20050113,116.388333,39.928889
japan,2,20050114,139.751389,35.685
shanghai,1,20050115,121.47,31.23
zhenjiang,3,20050115,119.43,32.22
australia,3,20050115,149.216667,-35.283333
mianyang,3,20050115,104.77,31.47
china,9,20050115,116.388333,39.928889
liberia,1,20050117,-10.804722,6.310556
quito,1,20050117,-78.5,-0.23
houston,1,20050118,-95.33,29.83
australia,1,20050118,149.216667,-35.283333
canada,1,20050118,-75.7,45.416667
kawasaki,1,20050119,139.68,35.53
philadelphia,2,20050120,-75.17,40
china,16,20050120,116.388333,39.928889
shanghai,1,20050120,121.47,31.23
japan,6,20050120,139.751389,35.685
alger,22,20050120,3,36.75
taiwan,8,20050120,121.531846,25.047763
tokyo,1,20050121,139.75,35.67
quito,1,20050121,-78.5,-0.23
japan,1,20050121,139.751389,35.685
philadelphia,4,20050123,-75.17,40
finland,2,20050123,24.934167,60.175556
philadelphia,1,20050124,-75.17,40
chicago,2,20050124,-87.75,41.83
paris,2,20050125,2.33,48.87
kuwait,3,20050125,47.978333,29.369722
india,1,20050125,77.2,28.6
chad,1,20050125,15.048173,12.108502
mexico,3,20050125,-99.138611,19.434167
singapore,1,20050125,20.468056,44.818611
ireland,1,20050125,-6.248889,53.333056
japan,7,20050125,139.751389,35.685
taiwan,1,20050125,121.531846,25.047763
china,25,20050125,116.388333,39.928889
chicago,2,20050125,-87.75,41.83
canada,1,20050126,-75.7,45.416667
india,1,20050126,77.2,28.6
japan,8,20050126,139.751389,35.685
bangalore,1,20050126,77.58,12.97
phoenix,16,20050126,-112.17,33.5
taiwan,3,20050126,121.531846,25.047763
alger,15,20050126,3,36.75
china,3,20050126,116.388333,39.928889
london,2,20050127,-0.17,51.5
tokyo,1,20050127,139.75,35.67
chad,9,20050127,15.048173,12.108502
phoenix,21,20050127,-112.17,33.5
shanghai,4,20050127,121.47,31.23
japan,20,20050127,139.751389,35.685
alger,10,20050127,3,36.75
china,34,20050127,116.388333,39.928889
taiwan,18,20050127,121.531846,25.047763
china,1,20050128,116.388333,39.928889
singapore,1,20050131,20.468056,44.818611
georgia,2,20050131,44.790833,41.725
london,2,20050201,-0.17,51.5
osaka,1,20050201,135.5,34.67
montreal,2,20050201,-73.5833,45.5
france,115,20050201,2.333333,48.866667
valencia,2,20050201,-67.98,10.23
philadelphia,1,20050201,-75.17,40
warsaw,5,20050201,21,52.25
taipei,6,20050201,121.45,25.02
finland,6,20050201,24.934167,60.175556
ireland,4,20050201,-6.248889,53.333056
canada,40,20050201,-75.7,45.416667
china,8,20050201,116.388333,39.928889
poland,6,20050201,21,52.25
spain,1,20050201,-3.683333,40.4
netherlands,12,20050201,4.916667,52.35
taiwan,12,20050201,121.531846,25.047763
belgium,3,20050201,4.333333,50.833333
sweden,49,20050201,18.05,59.333333
paris,1,20050201,2.33,48.87
switzerland,2,20050201,7.466667,46.916667
berlin,5,20050201,13.42,52.53
denmark,3,20050201,12.583333,55.666667
japan,3,20050201,139.751389,35.685
phoenix,1,20050201,-112.17,33.5
france,2,20050202,2.333333,48.866667
georgia,86,20050202,44.790833,41.725
dallas,1,20050202,-96.83,32.83
chicago,1,20050203,-87.75,41.83
germany,1,20050203,13.4,52.516667
chile,4,20050203,-70.666667,-33.45
georgia,1,20050203,44.790833,41.725
japan,1,20050203,139.751389,35.685
canada,3,20050203,-75.7,45.416667
santiago,1,20050203,-70.67,-33.5
tokyo,1,20050203,139.75,35.67
georgia,2,20050204,44.790833,41.725
london,1,20050204,-0.17,51.5
canada,2,20050204,-75.7,45.416667
parma,1,20050204,10.32,44.8
china,4,20050204,116.388333,39.928889
quito,2,20050204,-78.5,-0.23
tokyo,1,20050204,139.75,35.67
madrid,1,20050204,-3.71,40.41
chicago,1,20050207,-87.75,41.83
france,1,20050207,2.333333,48.866667
london,1,20050207,-0.17,51.5
taiwan,5,20050207,121.531846,25.047763
shanghai,1,20050207,121.47,31.23
albania,6,20050207,19.818889,41.3275
tokyo,3,20050207,139.75,35.67
singapore,1,20050207,20.468056,44.818611
japan,32,20050207,139.751389,35.685
china,3,20050207,116.388333,39.928889
japan,1,20050208,139.751389,35.685
germany,1,20050209,13.4,52.516667
france,1,20050209,2.333333,48.866667
bangalore,1,20050209,77.58,12.97
hyderabad,1,20050209,78.43,17.37
canada,1,20050209,-75.7,45.416667
india,21,20050209,77.2,28.6
japan,2,20050209,139.751389,35.685
china,2,20050209,116.388333,39.928889
japan,17,20050210,139.751389,35.685
china,21,20050210,116.388333,39.928889
london,2,20050210,-0.17,51.5
liberia,6,20050210,-10.804722,6.310556
taiwan,4,20050210,121.531846,25.047763
australia,8,20050210,149.216667,-35.283333
london,3,20050214,-0.17,51.5
berlin,3,20050214,13.42,52.53
philadelphia,2,20050217,-75.17,40
london,2,20050217,-0.17,51.5
georgia,2,20050217,44.790833,41.725
iraq,1,20050218,44.400876,33.340582
japan,2,20050222,139.751389,35.685
osaka,1,20050222,135.5,34.67
tokyo,1,20050222,139.75,35.67
georgia,1,20050222,44.790833,41.725
japan,2,20050223,139.751389,35.685
osaka,1,20050223,135.5,34.67
tokyo,1,20050223,139.75,35.67
georgia,2,20050223,44.790833,41.725
australia,1,20050223,149.216667,-35.283333
japan,2,20050224,139.751389,35.685
osaka,1,20050224,135.5,34.67
guangzhou,1,20050228,113.25,23.12
china,9,20050228,116.388333,39.928889
singapore,1,20050228,20.468056,44.818611
houston,4,20050301,-95.33,29.83
osaka,1,20050301,135.5,34.67
phoenix,4,20050301,-112.17,33.5
kawasaki,1,20050301,139.68,35.53
germany,1,20050301,13.4,52.516667
poland,1,20050301,21,52.25
estonia,1,20050301,24.728056,59.433889
netherlands,1,20050301,4.916667,52.35
chad,1,20050301,15.048173,12.108502
bermuda,1,20050301,-64.783889,32.294167
france,2,20050301,2.333333,48.866667
georgia,1,20050301,44.790833,41.725
portugal,4,20050301,-9.133333,38.716667
indonesia,3,20050301,106.829444,-6.174444
china,3,20050301,116.388333,39.928889
singapore,1,20050301,20.468056,44.818611
budapest,1,20050301,19.08,47.5
canada,2,20050301,-75.7,45.416667
malaysia,1,20050301,101.7,3.166667
australia,3,20050301,149.216667,-35.283333
cyprus,1,20050301,33.366667,35.166667
japan,2,20050301,139.751389,35.685
luxembourg,1,20050301,6.13,49.611667
london,3,20050302,-0.17,51.5
berlin,1,20050302,13.42,52.53
poland,3,20050302,21,52.25
spain,3,20050302,-3.683333,40.4
france,5,20050302,2.333333,48.866667
paris,2,20050302,2.33,48.87
london,1,20050304,-0.17,51.5
germany,1,20050304,13.4,52.516667
china,1,20050307,116.388333,39.928889
shanghai,1,20050307,121.47,31.23
georgia,2,20050307,44.790833,41.725
philadelphia,3,20050308,-75.17,40
canada,2,20050308,-75.7,45.416667
fiji,3,20050308,178.416667,-18.133333
china,30,20050308,116.388333,39.928889
australia,1,20050308,149.216667,-35.283333
japan,8,20050308,139.751389,35.685
hiroshima,2,20050309,132.45,34.38
philadelphia,2,20050309,-75.17,40
tokyo,1,20050309,139.75,35.67
japan,6,20050309,139.751389,35.685
mexico,2,20050310,-99.138611,19.434167
spain,1,20050310,-3.683333,40.4
china,6,20050310,116.388333,39.928889
jordan,7,20050310,35.933333,31.95
japan,2,20050310,139.751389,35.685
iraq,1,20050311,44.400876,33.340582
taiwan,13,20050311,121.531846,25.047763
china,37,20050311,116.388333,39.928889
bangalore,1,20050311,77.58,12.97
india,5,20050311,77.2,28.6
shanghai,9,20050311,121.47,31.23
china,1,20050314,116.388333,39.928889
georgia,16,20050314,44.790833,41.725
canada,1,20050316,-75.7,45.416667
taiwan,1,20050316,121.531846,25.047763
china,5,20050316,116.388333,39.928889
romania,7,20050316,26.1,44.433333
brazil,3,20050317,-47.916667,-15.783333
canada,1,20050317,-75.7,45.416667
taiwan,1,20050317,121.531846,25.047763
philadelphia,1,20050317,-75.17,40
germany,11,20050317,13.4,52.516667
france,1,20050317,2.333333,48.866667
china,8,20050317,116.388333,39.928889
georgia,2,20050317,44.790833,41.725
paris,3,20050317,2.33,48.87
london,49,20050317,-0.17,51.5
canada,3,20050318,-75.7,45.416667
france,2,20050321,2.333333,48.866667
paris,1,20050321,2.33,48.87
belgium,1,20050321,4.333333,50.833333
sweden,1,20050321,18.05,59.333333
portugal,1,20050321,-9.133333,38.716667
netherlands,1,20050321,4.916667,52.35
austria,1,20050321,16.366667,48.2
spain,1,20050321,-3.683333,40.4
switzerland,1,20050321,7.466667,46.916667
poland,1,20050321,21,52.25
london,1,20050321,-0.17,51.5
finland,1,20050321,24.934167,60.175556
denmark,1,20050321,12.583333,55.666667
bulgaria,1,20050321,23.316667,42.683333
valencia,5,20050324,-67.98,10.23
japan,6,20050324,139.751389,35.685
yokohama,2,20050324,139.63,35.47
taiwan,2,20050324,121.531846,25.047763
tokyo,2,20050324,139.75,35.67
china,6,20050324,116.388333,39.928889
india,2,20050324,77.2,28.6
tokyo,2,20050327,139.75,35.67
germany,1,20050328,13.4,52.516667
france,6,20050328,2.333333,48.866667
canada,4,20050328,-75.7,45.416667
spain,1,20050328,-3.683333,40.4
london,1,20050328,-0.17,51.5
indonesia,1,20050328,106.829444,-6.174444
tokyo,12,20050328,139.75,35.67
india,1,20050328,77.2,28.6
france,2,20050329,2.333333,48.866667
portugal,1,20050329,-9.133333,38.716667
slovakia,1,20050329,17.116667,48.15
tokyo,8,20050329,139.75,35.67
france,2,20050330,2.333333,48.866667
guangzhou,22,20050330,113.25,23.12
shanghai,2,20050330,121.47,31.23
taiwan,2,20050330,121.531846,25.047763
mongolia,2,20050330,106.916667,47.916667
london,1,20050330,-0.17,51.5
tianjin,2,20050330,117.2,39.13
tokyo,2,20050330,139.75,35.67
slovakia,1,20050330,17.116667,48.15
china,40,20050330,116.388333,39.928889
portugal,1,20050330,-9.133333,38.716667
tonga,1,20050330,-175.2,-21.133333
alger,13,20050331,3,36.75
cuba,2,20050331,-82.364167,23.131944
slovakia,1,20050331,17.116667,48.15
france,2,20050331,2.333333,48.866667
quito,1,20050331,-78.5,-0.23
tokyo,2,20050331,139.75,35.67
portugal,1,20050331,-9.133333,38.716667
slovenia,1,20050401,14.514444,46.055278
tokyo,2,20050401,139.75,35.67
liberia,1,20050401,-10.804722,6.310556
portugal,1,20050401,-9.133333,38.716667
poland,1,20050401,21,52.25
bulgaria,1,20050401,23.316667,42.683333
croatia,1,20050401,16,45.8
slovakia,2,20050401,17.116667,48.15
houston,1,20050401,-95.33,29.83
romania,1,20050401,26.1,44.433333
france,2,20050401,2.333333,48.866667
russia,2,20050401,37.615556,55.752222
germany,2,20050401,13.4,52.516667
japan,1,20050403,139.751389,35.685
georgia,1,20050404,44.790833,41.725
chicago,1,20050404,-87.75,41.83
cuba,1,20050404,-82.364167,23.131944
togo,1,20050404,1.222778,6.131944
china,2,20050405,116.388333,39.928889
shanghai,1,20050405,121.47,31.23
london,1,20050407,-0.17,51.5
tianjin,1,20050408,117.2,39.13
mongolia,1,20050408,106.916667,47.916667
tonga,3,20050408,-175.2,-21.133333
macau,1,20050408,113.546111,22.200556
guangzhou,5,20050408,113.25,23.12
jilin,1,20050408,126.55,43.85
china,29,20050408,116.388333,39.928889
japan,7,20050408,139.751389,35.685
shanghai,1,20050408,121.47,31.23
canada,1,20050411,-75.7,45.416667
russia,1,20050414,37.615556,55.752222
nigeria,4,20050414,7.533333,9.083333
mexico,1,20050414,-99.138611,19.434167
canada,1,20050414,-75.7,45.416667
spain,1,20050414,-3.683333,40.4
chicago,1,20050414,-87.75,41.83
houston,1,20050414,-95.33,29.83
london,1,20050414,-0.17,51.5
paris,1,20050418,2.33,48.87
taiwan,6,20050418,121.531846,25.047763
guangzhou,11,20050418,113.25,23.12
tianjin,1,20050418,117.2,39.13
phoenix,1,20050418,-112.17,33.5
dallas,2,20050418,-96.83,32.83
macau,1,20050418,113.546111,22.200556
alger,14,20050418,3,36.75
mongolia,1,20050418,106.916667,47.916667
philadelphia,4,20050418,-75.17,40
tonga,1,20050418,-175.2,-21.133333
jilin,1,20050418,126.55,43.85
china,48,20050418,116.388333,39.928889
cuba,1,20050418,-82.364167,23.131944
japan,10,20050418,139.751389,35.685
chicago,4,20050418,-87.75,41.83
shanghai,1,20050418,121.47,31.23
houston,1,20050418,-95.33,29.83
london,3,20050418,-0.17,51.5
tonga,1,20050419,-175.2,-21.133333
japan,1,20050419,139.751389,35.685
china,4,20050419,116.388333,39.928889
shanghai,2,20050419,121.47,31.23
macau,1,20050422,113.546111,22.200556
guangzhou,1,20050422,113.25,23.12
shanghai,1,20050422,121.47,31.23
china,22,20050422,116.388333,39.928889
tonga,1,20050422,-175.2,-21.133333
suzhou,1,20050422,120.62,31.3
tianjin,1,20050422,117.2,39.13
jilin,1,20050422,126.55,43.85
mongolia,1,20050422,106.916667,47.916667
sweden,1,20050425,18.05,59.333333
canada,3,20050425,-75.7,45.416667
macau,1,20050425,113.546111,22.200556
mexico,1,20050425,-99.138611,19.434167
guangzhou,3,20050425,113.25,23.12
shanghai,1,20050425,121.47,31.23
china,31,20050425,116.388333,39.928889
australia,4,20050425,149.216667,-35.283333
georgia,1,20050425,44.790833,41.725
argentina,1,20050425,-58.6725,-34.5875
philippines,1,20050425,120.982222,14.604167
singapore,1,20050425,20.468056,44.818611
tianjin,1,20050425,117.2,39.13
jilin,1,20050425,126.55,43.85
mongolia,1,20050425,106.916667,47.916667
macau,1,20050426,113.546111,22.200556
taiwan,4,20050426,121.531846,25.047763
china,2,20050426,116.388333,39.928889
singapore,1,20050426,20.468056,44.818611
sweden,1,20050427,18.05,59.333333
dallas,2,20050427,-96.83,32.83
netherlands,3,20050427,4.916667,52.35
belgium,3,20050427,4.333333,50.833333
cuba,3,20050427,-82.364167,23.131944
mexico,1,20050427,-99.138611,19.434167
china,2,20050427,116.388333,39.928889
london,2,20050427,-0.17,51.5
france,1,20050427,2.333333,48.866667
chicago,6,20050427,-87.75,41.83
chile,4,20050427,-70.666667,-33.45
russia,1,20050427,37.615556,55.752222
bolivia,1,20050427,-68.15,-16.5
peru,1,20050427,-77.05,-12.05
ireland,1,20050427,-6.248889,53.333056
canada,1,20050428,-75.7,45.416667
tokyo,1,20050428,139.75,35.67
taiwan,1,20050428,121.531846,25.047763
china,10,20050428,116.388333,39.928889
france,1,20050428,2.333333,48.866667
chicago,1,20050428,-87.75,41.83
japan,4,20050428,139.751389,35.685
nagoya,1,20050428,136.88,35.13
india,2,20050429,77.2,28.6
mexico,1,20050429,-99.138611,19.434167
china,1,20050429,116.388333,39.928889
singapore,1,20050430,20.468056,44.818611
jilin,1,20050502,126.55,43.85
china,6,20050502,116.388333,39.928889
shanghai,1,20050502,121.47,31.23
tianjin,1,20050502,117.2,39.13
mongolia,1,20050502,106.916667,47.916667
guangzhou,1,20050502,113.25,23.12
macau,1,20050502,113.546111,22.200556
canada,1,20050502,-75.7,45.416667
china,2,20050503,116.388333,39.928889
japan,1,20050503,139.751389,35.685
shanghai,4,20050503,121.47,31.23
india,3,20050503,77.2,28.6
france,2,20050503,2.333333,48.866667
china,2,20050505,116.388333,39.928889
zhengzhou,1,20050505,113.67,34.75
kuwait,2,20050505,47.978333,29.369722
mexico,1,20050505,-99.138611,19.434167
guatemala,1,20050505,-90.526944,14.621111
india,3,20050505,77.2,28.6
netherlands,2,20050505,4.916667,52.35
seoul,1,20050505,10776201,127
phoenix,1,20050505,-112.17,33.5
liberia,4,20050506,-10.804722,6.310556
london,2,20050506,-0.17,51.5
germany,9,20050509,13.4,52.516667
china,2,20050509,116.388333,39.928889
japan,4,20050509,139.751389,35.685
london,3,20050509,-0.17,51.5
spain,3,20050510,-3.683333,40.4
georgia,19,20050510,44.790833,41.725
netherlands,4,20050510,4.916667,52.35
london,1,20050510,-0.17,51.5
mexico,1,20050510,-99.138611,19.434167
liberia,2,20050510,-10.804722,6.310556
france,1,20050510,2.333333,48.866667
australia,1,20050510,149.216667,-35.283333
china,7,20050510,116.388333,39.928889
jordan,8,20050511,35.933333,31.95
paris,1,20050511,2.33,48.87
taiwan,2,20050511,121.531846,25.047763
madagascar,5,20050511,47.516667,-18.916667
japan,3,20050511,139.751389,35.685
valencia,2,20050511,-67.98,10.23
shanghai,2,20050512,121.47,31.23
kyoto,1,20050512,135.75,35.03
mongolia,2,20050512,106.916667,47.916667
tianjin,2,20050512,117.2,39.13
guangzhou,2,20050512,113.25,23.12
macau,2,20050512,113.546111,22.200556
france,1,20050512,2.333333,48.866667
jilin,2,20050512,126.55,43.85
japan,5,20050512,139.751389,35.685
china,19,20050512,116.388333,39.928889
singapore,1,20050512,20.468056,44.818611
albania,3,20050513,19.818889,41.3275
aruba,1,20050516,-70.033333,12.516667
switzerland,1,20050516,7.466667,46.916667
shanghai,2,20050516,121.47,31.23
mongolia,2,20050516,106.916667,47.916667
spain,1,20050516,-3.683333,40.4
china,30,20050516,116.388333,39.928889
tianjin,2,20050516,117.2,39.13
suzhou,1,20050516,120.62,31.3
guangzhou,7,20050516,113.25,23.12
jilin,2,20050516,126.55,43.85
alger,4,20050516,3,36.75
tonga,1,20050516,-175.2,-21.133333
macau,1,20050516,113.546111,22.200556
barcelona,1,20050516,2.17,41.42
japan,4,20050516,139.751389,35.685
valencia,5,20050516,-67.98,10.23
china,13,20050518,116.388333,39.928889
chengdu,1,20050518,104.07,30.67
japan,3,20050518,139.751389,35.685
valencia,2,20050518,-67.98,10.23
seoul,1,20050523,10776201,127
france,1,20050523,2.333333,48.866667
sweden,1,20050523,18.05,59.333333
china,3,20050523,116.388333,39.928889
india,1,20050523,77.2,28.6
japan,4,20050523,139.751389,35.685
kyoto,1,20050523,135.75,35.03
taiwan,1,20050523,121.531846,25.047763
dallas,2,20050523,-96.83,32.83
canada,1,20050523,-75.7,45.416667
france,1,20050524,2.333333,48.866667
sweden,1,20050524,18.05,59.333333
india,1,20050524,77.2,28.6
japan,1,20050524,139.751389,35.685
taiwan,1,20050524,121.531846,25.047763
china,11,20050524,116.388333,39.928889
dallas,2,20050524,-96.83,32.83
canada,1,20050524,-75.7,45.416667
japan,1,20050525,139.751389,35.685
china,2,20050525,116.388333,39.928889
thailand,1,20050525,100.501444,13.753979
japan,6,20050526,139.751389,35.685
yokohama,4,20050526,139.63,35.47
china,2,20050530,116.388333,39.928889
macau,1,20050531,113.546111,22.200556
tianjin,1,20050531,117.2,39.13
brazil,1,20050531,-47.916667,-15.783333
tonga,2,20050531,-175.2,-21.133333
mongolia,1,20050531,106.916667,47.916667
jilin,1,20050531,126.55,43.85
guangzhou,17,20050531,113.25,23.12
chicago,1,20050531,-87.75,41.83
singapore,1,20050531,20.468056,44.818611
china,17,20050531,116.388333,39.928889
shanghai,1,20050531,121.47,31.23
istanbul,1,20050601,28.95,41.03
belgium,1,20050601,4.333333,50.833333
georgia,1,20050601,44.790833,41.725
monaco,1,20050601,7.416667,43.733333
singapore,1,20050601,20.468056,44.818611
canada,1,20050606,-75.7,45.416667
netherlands,4,20050607,4.916667,52.35
taiwan,1,20050607,121.531846,25.047763
chicago,2,20050608,-87.75,41.83
jilin,1,20050609,126.55,43.85
shanghai,1,20050609,121.47,31.23
china,26,20050609,116.388333,39.928889
tianjin,1,20050609,117.2,39.13
guangzhou,8,20050609,113.25,23.12
mongolia,1,20050609,106.916667,47.916667
macau,1,20050609,113.546111,22.200556
jinan,1,20050609,117,36.67
tonga,1,20050609,-175.2,-21.133333
denmark,2,20050613,12.583333,55.666667
singapore,1,20050613,20.468056,44.818611
guangzhou,1,20050613,113.25,23.12
tonga,1,20050613,-175.2,-21.133333
georgia,3,20050613,44.790833,41.725
china,9,20050613,116.388333,39.928889
london,1,20050613,-0.17,51.5
paris,1,20050613,2.33,48.87
tokyo,1,20050613,139.75,35.67
france,1,20050615,2.333333,48.866667
sweden,2,20050615,18.05,59.333333
canada,1,20050615,-75.7,45.416667
shanghai,1,20050617,121.47,31.23
singapore,1,20050617,20.468056,44.818611
guangzhou,2,20050617,113.25,23.12
malaysia,1,20050617,101.7,3.166667
china,9,20050617,116.388333,39.928889
taiwan,1,20050617,121.531846,25.047763
chicago,1,20050618,-87.75,41.83
albania,1,20050618,19.818889,41.3275
france,1,20050620,2.333333,48.866667
london,1,20050622,-0.17,51.5
pune,1,20050627,73.97,18.57
liberia,1,20050627,-10.804722,6.310556
dallas,1,20050627,-96.83,32.83
georgia,5,20050627,44.790833,41.725
guangzhou,2,20050628,113.25,23.12
china,28,20050628,116.388333,39.928889
china,1,20050630,116.388333,39.928889
singapore,1,20050630,20.468056,44.818611
tonga,1,20050630,-175.2,-21.133333
quito,2,20050701,-78.5,-0.23
tokyo,1,20050701,139.75,35.67
taiwan,1,20050701,121.531846,25.047763
berlin,1,20050701,13.42,52.53
japan,6,20050701,139.751389,35.685
china,2,20050701,116.388333,39.928889
shanghai,1,20050705,121.47,31.23
spain,4,20050705,-3.683333,40.4
montreal,1,20050705,-73.5833,45.5
tonga,1,20050705,-175.2,-21.133333
chicago,1,20050705,-87.75,41.83
houston,1,20050705,-95.33,29.83
japan,1,20050705,139.751389,35.685
china,50,20050705,116.388333,39.928889
guangzhou,6,20050705,113.25,23.12
germany,5,20050706,13.4,52.516667
dallas,3,20050706,-96.83,32.83
london,3,20050706,-0.17,51.5
argentina,1,20050706,-58.6725,-34.5875
canada,3,20050706,-75.7,45.416667
france,2,20050706,2.333333,48.866667
houston,1,20050706,-95.33,29.83
cuba,1,20050706,-82.364167,23.131944
india,1,20050706,77.2,28.6
china,8,20050706,116.388333,39.928889
tonga,1,20050706,-175.2,-21.133333
guangzhou,1,20050706,113.25,23.12
madrid,1,20050706,-3.71,40.41
chicago,2,20050708,-87.75,41.83
germany,1,20050708,13.4,52.516667
australia,2,20050712,149.216667,-35.283333
london,2,20050712,-0.17,51.5
tokyo,7,20050712,139.75,35.67
denmark,1,20050712,12.583333,55.666667
japan,7,20050712,139.751389,35.685
hamburg,1,20050712,10,53.55
tonga,1,20050714,-175.2,-21.133333
china,35,20050714,116.388333,39.928889
chad,2,20050714,15.048173,12.108502
guangzhou,1,20050714,113.25,23.12
albania,1,20050715,19.818889,41.3275
cuba,1,20050715,-82.364167,23.131944
albania,1,20050716,19.818889,41.3275
china,7,20050718,116.388333,39.928889
japan,1,20050718,139.751389,35.685
chicago,1,20050720,-87.75,41.83
taiwan,1,20050720,121.531846,25.047763
china,4,20050720,116.388333,39.928889
canada,2,20050720,-75.7,45.416667
india,2,20050720,77.2,28.6
japan,14,20050720,139.751389,35.685
phoenix,49,20050720,-112.17,33.5
tonga,5,20050720,-175.2,-21.133333
shanghai,1,20050720,121.47,31.23
hyderabad,3,20050720,78.43,17.37
london,1,20050721,-0.17,51.5
canada,1,20050721,-75.7,45.416667
georgia,2,20050725,44.790833,41.725
portugal,4,20050725,-9.133333,38.716667
china,3,20050725,116.388333,39.928889
shanghai,3,20050725,121.47,31.23
india,2,20050725,77.2,28.6
jinan,1,20050725,117,36.67
ireland,1,20050725,-6.248889,53.333056
tokyo,2,20050725,139.75,35.67
kobe,1,20050725,135.2,34.68
australia,1,20050726,149.216667,-35.283333
china,6,20050726,116.388333,39.928889
india,1,20050726,77.2,28.6
pune,3,20050726,73.97,18.57
netherlands,1,20050726,4.916667,52.35
japan,11,20050726,139.751389,35.685
taiwan,9,20050726,121.531846,25.047763
alger,8,20050726,3,36.75
dallas,2,20050726,-96.83,32.83
china,13,20050727,116.388333,39.928889
japan,10,20050727,139.751389,35.685
hamburg,1,20050727,10,53.55
shanghai,5,20050727,121.47,31.23
taiwan,13,20050727,121.531846,25.047763
alger,9,20050727,3,36.75
china,1,20050729,116.388333,39.928889
taiwan,1,20050729,121.531846,25.047763
singapore,1,20050731,20.468056,44.818611
tonga,1,20050731,-175.2,-21.133333
taiwan,1,20050801,121.531846,25.047763
shanghai,1,20050801,121.47,31.23
chicago,3,20050801,-87.75,41.83
london,2,20050801,-0.17,51.5
japan,2,20050801,139.751389,35.685
madrid,1,20050801,-3.71,40.41
tokyo,1,20050801,139.75,35.67
dalian,1,20050801,121.65,38.92
china,1,20050801,116.388333,39.928889
shanghai,1,20050802,121.47,31.23
taipei,1,20050802,121.45,25.02
guangzhou,1,20050802,113.25,23.12
paris,1,20050802,2.33,48.87
japan,1,20050802,139.751389,35.685
madrid,1,20050802,-3.71,40.41
singapore,1,20050802,20.468056,44.818611
hamburg,1,20050802,10,53.55
jordan,1,20050802,35.933333,31.95
mexico,1,20050802,-99.138611,19.434167
london,3,20050802,-0.17,51.5
japan,10,20050803,139.751389,35.685
germany,2,20050803,13.4,52.516667
canada,1,20050803,-75.7,45.416667
japan,2,20050804,139.751389,35.685
guangzhou,1,20050804,113.25,23.12
china,8,20050804,116.388333,39.928889
germany,2,20050804,13.4,52.516667
taiwan,1,20050808,121.531846,25.047763
singapore,1,20050808,20.468056,44.818611
china,8,20050808,116.388333,39.928889
liberia,2,20050809,-10.804722,6.310556
netherlands,4,20050809,4.916667,52.35
santiago,10,20050809,-70.67,-33.5
japan,5,20050809,139.751389,35.685
kyoto,2,20050809,135.75,35.03
austria,1,20050809,16.366667,48.2
france,1,20050809,2.333333,48.866667
cuba,1,20050809,-82.364167,23.131944
santiago,6,20050810,-70.67,-33.5
guangzhou,2,20050811,113.25,23.12
valencia,6,20050811,-67.98,10.23
yokohama,2,20050811,139.63,35.47
japan,1,20050811,139.751389,35.685
china,26,20050811,116.388333,39.928889
tonga,8,20050811,-175.2,-21.133333
switzerland,1,20050811,7.466667,46.916667
jordan,4,20050812,35.933333,31.95
houston,1,20050812,-95.33,29.83
barcelona,1,20050815,2.17,41.42
guangzhou,9,20050815,113.25,23.12
tonga,2,20050815,-175.2,-21.133333
spain,1,20050815,-3.683333,40.4
china,38,20050815,116.388333,39.928889
tonga,5,20050818,-175.2,-21.133333
japan,8,20050818,139.751389,35.685
china,17,20050825,116.388333,39.928889
berlin,1,20050825,13.42,52.53
guangzhou,2,20050825,113.25,23.12
shanghai,1,20050825,121.47,31.23
london,1,20050825,-0.17,51.5
spain,1,20050825,-3.683333,40.4
france,1,20050825,2.333333,48.866667
australia,1,20050825,149.216667,-35.283333
japan,2,20050825,139.751389,35.685
netherlands,1,20050825,4.916667,52.35
guangzhou,2,20050830,113.25,23.12
china,24,20050830,116.388333,39.928889
chicago,1,20050830,-87.75,41.83
tonga,1,20050831,-175.2,-21.133333
madagascar,1,20050831,47.516667,-18.916667
singapore,1,20050831,20.468056,44.818611
georgia,1,20050831,44.790833,41.725
china,7,20050901,116.388333,39.928889
houston,1,20050901,-95.33,29.83
tonga,2,20050901,-175.2,-21.133333
guangzhou,1,20050901,113.25,23.12
valencia,1,20050901,-67.98,10.23
philadelphia,1,20050901,-75.17,40
berlin,2,20050902,13.42,52.53
panama,1,20050905,-79.533333,8.966667
jinan,1,20050905,117,36.67
qatar,1,20050905,51.533333,25.286667
hangzhou,1,20050905,120.17,30.25
peru,1,20050905,-77.05,-12.05
xian,1,20050905,108.9,34.27
ningbo,1,20050905,121.55,29.88
mexico,1,20050905,-99.138611,19.434167
georgia,3,20050905,44.790833,41.725
mongolia,1,20050905,106.916667,47.916667
china,21,20050905,116.388333,39.928889
alexandria,1,20050905,29.92,31.22
guangzhou,1,20050905,113.25,23.12
harbin,1,20050905,126.65,45.75
handan,1,20050905,114.48,36.58
brunei,1,20050905,114.933333,4.883333
germany,1,20050905,13.4,52.516667
shanghai,6,20050905,121.47,31.23
china,29,20050907,116.388333,39.928889
tonga,1,20050907,-175.2,-21.133333
guangzhou,1,20050907,113.25,23.12
chad,1,20050907,15.048173,12.108502
dallas,4,20050908,-96.83,32.83
india,2,20050908,77.2,28.6
japan,5,20050908,139.751389,35.685
malaysia,4,20050908,101.7,3.166667
london,16,20050908,-0.17,51.5
phoenix,2,20050908,-112.17,33.5
russia,7,20050908,37.615556,55.752222
china,3,20050908,116.388333,39.928889
ukraine,2,20050908,30.516667,50.433333
brazil,2,20050908,-47.916667,-15.783333
quito,2,20050908,-78.5,-0.23
germany,4,20050908,13.4,52.516667
taiwan,1,20050908,121.531846,25.047763
georgia,4,20050909,44.790833,41.725
quito,1,20050909,-78.5,-0.23
netherlands,2,20050909,4.916667,52.35
birmingham,1,20050909,-1.92,52.47
denmark,1,20050912,12.583333,55.666667
netherlands,2,20050912,4.916667,52.35
taiwan,1,20050912,121.531846,25.047763
tokyo,1,20050912,139.75,35.67
india,1,20050913,77.2,28.6
mexico,1,20050913,-99.138611,19.434167
chengdu,2,20050913,104.07,30.67
guangzhou,1,20050913,113.25,23.12
china,9,20050913,116.388333,39.928889
canada,3,20050913,-75.7,45.416667
tokyo,1,20050913,139.75,35.67
philadelphia,1,20050914,-75.17,40
chicago,1,20050914,-87.75,41.83
london,2,20050914,-0.17,51.5
paris,1,20050914,2.33,48.87
germany,1,20050915,13.4,52.516667
japan,1,20050915,139.751389,35.685
jordan,1,20050915,35.933333,31.95
chicago,1,20050915,-87.75,41.83
georgia,1,20050915,44.790833,41.725
seoul,1,20050915,10776201,127
iraq,1,20050915,44.400876,33.340582
houston,1,20050915,-95.33,29.83
berlin,1,20050915,13.42,52.53
taipei,1,20050915,121.45,25.02
tokyo,1,20050915,139.75,35.67
kyoto,1,20050915,135.75,35.03
birmingham,1,20050920,-1.92,52.47
mexico,1,20050920,-99.138611,19.434167
china,2,20050920,116.388333,39.928889
philadelphia,3,20050920,-75.17,40
france,1,20050920,2.333333,48.866667
houston,3,20050920,-95.33,29.83
phoenix,2,20050920,-112.17,33.5
paris,1,20050920,2.33,48.87
switzerland,8,20050920,7.466667,46.916667
aruba,1,20050920,-70.033333,12.516667
chicago,7,20050920,-87.75,41.83
melbourne,1,20050920,144.97,-37.75
india,1,20050920,77.2,28.6
georgia,1,20050920,44.790833,41.725
london,4,20050920,-0.17,51.5
cuba,1,20050920,-82.364167,23.131944
shanghai,1,20050920,121.47,31.23
seoul,1,20050920,10776201,127
singapore,2,20050920,20.468056,44.818611
dallas,3,20050920,-96.83,32.83
guangzhou,6,20050921,113.25,23.12
tonga,1,20050921,-175.2,-21.133333
china,22,20050921,116.388333,39.928889
houston,1,20050922,-95.33,29.83
pune,2,20050922,73.97,18.57
switzerland,2,20050922,7.466667,46.916667
chicago,1,20050922,-87.75,41.83
london,2,20050922,-0.17,51.5
australia,2,20050922,149.216667,-35.283333
london,1,20050923,-0.17,51.5
houston,2,20050923,-95.33,29.83
london,3,20050926,-0.17,51.5
liberia,2,20050927,-10.804722,6.310556
london,1,20050927,-0.17,51.5
madrid,2,20050928,-3.71,40.41
netherlands,1,20050928,4.916667,52.35
liberia,3,20050928,-10.804722,6.310556
london,1,20050928,-0.17,51.5
spain,2,20050928,-3.683333,40.4
london,1,20050929,-0.17,51.5
tonga,2,20050930,-175.2,-21.133333
shanghai,4,20050930,121.47,31.23
china,34,20050930,116.388333,39.928889
guangzhou,1,20050930,113.25,23.12
london,2,20050930,-0.17,51.5
singapore,1,20050930,20.468056,44.818611
spain,6,20051003,-3.683333,40.4
france,1,20051003,2.333333,48.866667
poland,1,20051003,21,52.25
liberia,1,20051003,-10.804722,6.310556
madrid,5,20051003,-3.71,40.41
greece,1,20051004,23.733333,37.983333
canada,1,20051004,-75.7,45.416667
japan,3,20051004,139.751389,35.685
london,1,20051004,-0.17,51.5
tonga,1,20051005,-175.2,-21.133333
houston,3,20051005,-95.33,29.83
china,8,20051005,116.388333,39.928889
guangzhou,1,20051005,113.25,23.12
china,8,20051010,116.388333,39.928889
phoenix,1,20051011,-112.17,33.5
houston,1,20051011,-95.33,29.83
phoenix,1,20051012,-112.17,33.5
macau,1,20051017,113.546111,22.200556
shanghai,1,20051017,121.47,31.23
berlin,1,20051017,13.42,52.53
santiago,1,20051017,-70.67,-33.5
china,3,20051017,116.388333,39.928889
georgia,3,20051017,44.790833,41.725
taiwan,1,20051017,121.531846,25.047763
jordan,1,20051017,35.933333,31.95
singapore,1,20051017,20.468056,44.818611
kobe,1,20051017,135.2,34.68
france,1,20051018,2.333333,48.866667
paris,1,20051018,2.33,48.87
sweden,1,20051019,18.05,59.333333
finland,1,20051019,24.934167,60.175556
albania,4,20051019,19.818889,41.3275
ireland,1,20051019,-6.248889,53.333056
denmark,1,20051019,12.583333,55.666667
china,21,20051019,116.388333,39.928889
spain,1,20051019,-3.683333,40.4
guangzhou,12,20051019,113.25,23.12
canada,3,20051019,-75.7,45.416667
london,1,20051019,-0.17,51.5
switzerland,1,20051019,7.466667,46.916667
bermuda,2,20051019,-64.783889,32.294167
guinea,8,20051019,-13.712222,9.509167
japan,2,20051019,139.751389,35.685
australia,1,20051019,149.216667,-35.283333
barbados,1,20051019,-59.616667,13.1
georgia,1,20051020,44.790833,41.725
georgia,1,20051024,44.790833,41.725
switzerland,1,20051025,7.466667,46.916667
india,1,20051025,77.2,28.6
phoenix,1,20051026,-112.17,33.5
alger,1,20051026,3,36.75
china,11,20051026,116.388333,39.928889
japan,4,20051026,139.751389,35.685
taiwan,1,20051026,121.531846,25.047763
quito,4,20051027,-78.5,-0.23
spain,1,20051027,-3.683333,40.4
argentina,3,20051027,-58.6725,-34.5875
chicago,3,20051027,-87.75,41.83
houston,6,20051027,-95.33,29.83
ireland,4,20051027,-6.248889,53.333056
tianjin,1,20051027,117.2,39.13
london,45,20051027,-0.17,51.5
china,1,20051027,116.388333,39.928889
mexico,2,20051027,-99.138611,19.434167
japan,1,20051027,139.751389,35.685
brazil,9,20051027,-47.916667,-15.783333
france,6,20051027,2.333333,48.866667
phoenix,1,20051028,-112.17,33.5
singapore,1,20051031,20.468056,44.818611
tonga,1,20051031,-175.2,-21.133333
kyoto,5,20051101,135.75,35.03
georgia,1,20051101,44.790833,41.725
kawasaki,1,20051101,139.68,35.53
kobe,2,20051101,135.2,34.68
japan,99,20051101,139.751389,35.685
suzhou,1,20051101,120.62,31.3
phoenix,1,20051101,-112.17,33.5
nagoya,2,20051101,136.88,35.13
taiwan,1,20051101,121.531846,25.047763
osaka,3,20051101,135.5,34.67
tokyo,14,20051101,139.75,35.67
fukuoka,1,20051101,130.5,33.5
london,1,20051101,-0.17,51.5
ireland,1,20051102,-6.248889,53.333056
spain,1,20051102,-3.683333,40.4
denmark,1,20051102,12.583333,55.666667
china,29,20051102,116.388333,39.928889
australia,1,20051102,149.216667,-35.283333
paris,3,20051102,2.33,48.87
finland,1,20051102,24.934167,60.175556
switzerland,1,20051102,7.466667,46.916667
brazil,2,20051102,-47.916667,-15.783333
canada,1,20051102,-75.7,45.416667
tonga,1,20051102,-175.2,-21.133333
shanghai,1,20051102,121.47,31.23
guangzhou,1,20051102,113.25,23.12
taiwan,1,20051102,121.531846,25.047763
sweden,1,20051102,18.05,59.333333
canada,8,20051103,-75.7,45.416667
china,1,20051104,116.388333,39.928889
mexico,1,20051104,-99.138611,19.434167
lebanon,3,20051104,35.509722,33.871944
quito,1,20051107,-78.5,-0.23
phoenix,1,20051107,-112.17,33.5
haiti,3,20051108,-72.335,18.539167
singapore,1,20051108,20.468056,44.818611
china,2,20051108,116.388333,39.928889
india,8,20051108,77.2,28.6
mexico,5,20051108,-99.138611,19.434167
canada,2,20051108,-75.7,45.416667
bangalore,1,20051108,77.58,12.97
tokyo,2,20051108,139.75,35.67
japan,1,20051108,139.751389,35.685
latvia,1,20051108,24.1,56.95
japan,10,20051109,139.751389,35.685
london,1,20051109,-0.17,51.5
canada,1,20051110,-75.7,45.416667
argentina,1,20051110,-58.6725,-34.5875
japan,1,20051110,139.751389,35.685
venezuela,1,20051110,-66.916667,10.5
china,7,20051110,116.388333,39.928889
chicago,2,20051110,-87.75,41.83
tonga,4,20051110,-175.2,-21.133333
brazil,1,20051110,-47.916667,-15.783333
guangzhou,1,20051110,113.25,23.12
france,1,20051114,2.333333,48.866667
japan,1,20051114,139.751389,35.685
yantai,1,20051114,121.4,37.53
china,25,20051114,116.388333,39.928889
canada,1,20051114,-75.7,45.416667
tonga,1,20051114,-175.2,-21.133333
guangzhou,15,20051114,113.25,23.12
canada,5,20051116,-75.7,45.416667
london,1,20051116,-0.17,51.5
japan,4,20051117,139.751389,35.685
china,6,20051117,116.388333,39.928889
phoenix,24,20051117,-112.17,33.5
shanghai,1,20051117,121.47,31.23
france,1,20051117,2.333333,48.866667
grenada,1,20051117,-61.75,12.05
tonga,7,20051117,-175.2,-21.133333
taiwan,1,20051117,121.531846,25.047763
china,75,20051118,116.388333,39.928889
sweden,2,20051118,18.05,59.333333
shanghai,2,20051118,121.47,31.23
hangzhou,2,20051118,120.17,30.25
wuhan,2,20051118,114.27,30.58
chengdu,2,20051118,104.07,30.67
sofia,14,20051118,23.3,42.67
guangzhou,35,20051118,113.25,23.12
japan,1,20051121,139.751389,35.685
osaka,1,20051121,135.5,34.67
chicago,2,20051121,-87.75,41.83
shanghai,1,20051121,121.47,31.23
tonga,3,20051121,-175.2,-21.133333
philadelphia,1,20051121,-75.17,40
guangzhou,1,20051121,113.25,23.12
france,1,20051121,2.333333,48.866667
china,26,20051121,116.388333,39.928889
japan,1,20051122,139.751389,35.685
canada,16,20051122,-75.7,45.416667
shanghai,1,20051122,121.47,31.23
china,20,20051122,116.388333,39.928889
togo,1,20051122,1.222778,6.131944
alger,5,20051122,3,36.75
tonga,4,20051123,-175.2,-21.133333
guangzhou,1,20051123,113.25,23.12
china,17,20051123,116.388333,39.928889
egypt,1,20051127,31.25,30.05
shanghai,1,20051129,121.47,31.23
japan,1,20051129,139.751389,35.685
guangzhou,1,20051129,113.25,23.12
india,1,20051129,77.2,28.6
taiwan,1,20051129,121.531846,25.047763
spain,1,20051129,-3.683333,40.4
china,20,20051129,116.388333,39.928889
france,1,20051129,2.333333,48.866667
poland,1,20051129,21,52.25
albania,2,20051130,19.818889,41.3275
india,2,20051130,77.2,28.6
japan,2,20051130,139.751389,35.685
tonga,1,20051130,-175.2,-21.133333
taiwan,2,20051130,121.531846,25.047763
singapore,1,20051130,20.468056,44.818611
china,6,20051130,116.388333,39.928889
liberia,14,20051201,-10.804722,6.310556
china,5,20051201,116.388333,39.928889
india,7,20051205,77.2,28.6
delhi,2,20051205,77.23,28.67
india,1,20051208,77.2,28.6
tonga,3,20051208,-175.2,-21.133333
guangzhou,2,20051208,113.25,23.12
taiwan,2,20051208,121.531846,25.047763
barcelona,1,20051208,2.17,41.42
japan,1,20051208,139.751389,35.685
spain,1,20051208,-3.683333,40.4
china,33,20051208,116.388333,39.928889
france,2,20051209,2.333333,48.866667
netherlands,1,20051209,4.916667,52.35
spain,1,20051209,-3.683333,40.4
sweden,1,20051209,18.05,59.333333
brazil,1,20051209,-47.916667,-15.783333
portugal,2,20051209,-9.133333,38.716667
alexandria,1,20051209,29.92,31.22
denmark,1,20051209,12.583333,55.666667
thailand,1,20051209,100.501444,13.753979
mexico,3,20051209,-99.138611,19.434167
taiwan,2,20051209,121.531846,25.047763
canada,1,20051209,-75.7,45.416667
brasilia,1,20051209,-47.67,-15.92
phoenix,1,20051209,-112.17,33.5
belgium,1,20051209,4.333333,50.833333
india,1,20051209,77.2,28.6
switzerland,1,20051209,7.466667,46.916667
japan,2,20051209,139.751389,35.685
ireland,2,20051209,-6.248889,53.333056
australia,2,20051209,149.216667,-35.283333
malaysia,1,20051209,101.7,3.166667
indonesia,1,20051209,106.829444,-6.174444
chicago,2,20051209,-87.75,41.83
singapore,1,20051209,20.468056,44.818611
greece,2,20051209,23.733333,37.983333
china,2,20051209,116.388333,39.928889
finland,1,20051209,24.934167,60.175556
osaka,1,20051212,135.5,34.67
chad,2,20051212,15.048173,12.108502
china,19,20051212,116.388333,39.928889
georgia,1,20051212,44.790833,41.725
taiwan,1,20051212,121.531846,25.047763
london,1,20051212,-0.17,51.5
tokyo,2,20051212,139.75,35.67
japan,2,20051212,139.751389,35.685
france,1,20051212,2.333333,48.866667
guangzhou,1,20051212,113.25,23.12
london,1,20051213,-0.17,51.5
guangzhou,9,20051213,113.25,23.12
china,17,20051213,116.388333,39.928889
china,21,20051214,116.388333,39.928889
tianjin,1,20051214,117.2,39.13
guangzhou,10,20051214,113.25,23.12
brazil,1,20051219,-47.916667,-15.783333
portugal,14,20051219,-9.133333,38.716667
chicago,1,20051219,-87.75,41.83
georgia,1,20051219,44.790833,41.725
georgia,1,20051220,44.790833,41.725
chicago,1,20051220,-87.75,41.83
india,2,20051220,77.2,28.6
london,6,20051222,-0.17,51.5
tokyo,2,20051222,139.75,35.67
peru,1,20051222,-77.05,-12.05
vietnam,1,20051222,105.85,21.033333
dallas,1,20051222,-96.83,32.83
niger,1,20051222,2.116667,13.516667
paris,2,20051222,2.33,48.87
guangzhou,2,20051222,113.25,23.12
china,20,20051222,116.388333,39.928889
philadelphia,1,20051222,-75.17,40
london,1,20051230,-0.17,51.5
vienna,11,20051230,16.37,48.22
slovakia,1,20051230,17.116667,48.15
malaysia,1,20051231,101.7,3.166667
shanghai,1,20051231,121.47,31.23
india,1,20051231,77.2,28.6
japan,1,20051231,139.751389,35.685
china,1,20051231,116.388333,39.928889
singapore,3,20051231,20.468056,44.818611
tonga,1,20051231,-175.2,-21.133333
australia,1,20051231,149.216667,-35.283333
france,1,20060101,2.333333,48.866667
berlin,1,20060101,13.42,52.53
houston,1,20060101,-95.33,29.83
slovenia,1,20060101,14.514444,46.055278
mexico,1,20060101,-99.138611,19.434167
china,2,20060101,116.388333,39.928889
japan,1,20060101,139.751389,35.685
london,1,20060101,-0.17,51.5
chicago,1,20060101,-87.75,41.83
georgia,3,20060101,44.790833,41.725
tokyo,3,20060103,139.75,35.67
guangzhou,1,20060103,113.25,23.12
tonga,2,20060103,-175.2,-21.133333
china,19,20060103,116.388333,39.928889
switzerland,2,20060103,7.466667,46.916667
shanghai,2,20060103,121.47,31.23
madagascar,1,20060104,47.516667,-18.916667
chengdu,1,20060105,104.07,30.67
canada,4,20060105,-75.7,45.416667
tonga,1,20060105,-175.2,-21.133333
france,1,20060105,2.333333,48.866667
houston,11,20060105,-95.33,29.83
china,25,20060105,116.388333,39.928889
japan,1,20060105,139.751389,35.685
paris,1,20060105,2.33,48.87
guangzhou,1,20060105,113.25,23.12
bermuda,1,20060106,-64.783889,32.294167
singapore,1,20060106,20.468056,44.818611
china,9,20060106,116.388333,39.928889
denmark,1,20060106,12.583333,55.666667
cuba,1,20060106,-82.364167,23.131944
taiwan,1,20060106,121.531846,25.047763
japan,2,20060106,139.751389,35.685
guangzhou,1,20060110,113.25,23.12
tianjin,1,20060110,117.2,39.13
nigeria,1,20060110,7.533333,9.083333
china,19,20060110,116.388333,39.928889
paris,1,20060110,2.33,48.87
guangzhou,1,20060112,113.25,23.12
tonga,1,20060112,-175.2,-21.133333
shanghai,6,20060112,121.47,31.23
china,27,20060112,116.388333,39.928889
japan,1,20060113,139.751389,35.685
shanghai,3,20060113,121.47,31.23
china,7,20060113,116.388333,39.928889
phoenix,1,20060113,-112.17,33.5
canada,3,20060117,-75.7,45.416667
london,1,20060117,-0.17,51.5
chicago,1,20060119,-87.75,41.83
china,3,20060119,116.388333,39.928889
china,24,20060120,116.388333,39.928889
tianjin,1,20060120,117.2,39.13
shanghai,1,20060120,121.47,31.23
mongolia,1,20060120,106.916667,47.916667
guangzhou,15,20060120,113.25,23.12
jilin,1,20060120,126.55,43.85
china,30,20060123,116.388333,39.928889
shanghai,1,20060123,121.47,31.23
tonga,1,20060123,-175.2,-21.133333
guangzhou,1,20060123,113.25,23.12
iraq,2,20060126,44.400876,33.340582
afghanistan,2,20060126,69.183333,34.516667
china,1,20060127,116.388333,39.928889
india,1,20060130,77.2,28.6
lima,1,20060130,-77.05,-12.1
venezuela,1,20060130,-66.916667,10.5
germany,1,20060130,13.4,52.516667
shanghai,6,20060131,121.47,31.23
oman,4,20060131,58.593333,23.613333
india,3,20060131,77.2,28.6
yemen,1,20060131,44.206667,15.354722
alger,25,20060131,3,36.75
china,29,20060131,116.388333,39.928889
tonga,2,20060131,-175.2,-21.133333
jordan,1,20060131,35.933333,31.95
singapore,1,20060131,20.468056,44.818611
taiwan,4,20060131,121.531846,25.047763
guangzhou,16,20060131,113.25,23.12
japan,4,20060131,139.751389,35.685
phoenix,2,20060131,-112.17,33.5
chicago,1,20060201,-87.75,41.83
albania,2,20060201,19.818889,41.3275
canada,1,20060201,-75.7,45.416667
china,2,20060201,116.388333,39.928889
japan,5,20060201,139.751389,35.685
switzerland,1,20060201,7.466667,46.916667
taiwan,1,20060201,121.531846,25.047763
china,1,20060202,116.388333,39.928889
chelyabinsk,1,20060206,61.42,55.2
hiroshima,1,20060206,132.45,34.38
canada,5,20060206,-75.7,45.416667
chad,1,20060206,15.048173,12.108502
dalian,1,20060206,121.65,38.92
china,23,20060206,116.388333,39.928889
wenzhou,1,20060206,120.65,28.02
shanghai,1,20060206,121.47,31.23
xian,1,20060206,108.9,34.27
tianjin,1,20060206,117.2,39.13
moscow,1,20060206,37.7,55.75
singapore,1,20060206,20.468056,44.818611
ningbo,1,20060206,121.55,29.88
guangzhou,3,20060206,113.25,23.12
tonga,2,20060206,-175.2,-21.133333
suzhou,1,20060206,120.62,31.3
wuhan,1,20060206,114.27,30.58
brazil,1,20060206,-47.916667,-15.783333
russia,1,20060206,37.615556,55.752222
qiqihar,1,20060206,124,47.35
changsha,1,20060206,112.97,28.2
georgia,1,20060206,44.790833,41.725
jordan,1,20060206,35.933333,31.95
chengdu,1,20060206,104.07,30.67
harbin,1,20060206,126.65,45.75
canada,4,20060207,-75.7,45.416667
indonesia,2,20060207,106.829444,-6.174444
japan,2,20060207,139.751389,35.685
qiqihar,1,20060208,124,47.35
wuhan,1,20060208,114.27,30.58
chengdu,1,20060208,104.07,30.67
tianjin,1,20060208,117.2,39.13
dalian,1,20060208,121.65,38.92
tonga,1,20060208,-175.2,-21.133333
wenzhou,1,20060208,120.65,28.02
hangzhou,1,20060208,120.17,30.25
changsha,1,20060208,112.97,28.2
palermo,1,20060208,13.38,38.1
shanghai,1,20060208,121.47,31.23
ningbo,1,20060208,121.55,29.88
guangzhou,4,20060208,113.25,23.12
suzhou,1,20060208,120.62,31.3
china,37,20060208,116.388333,39.928889
chicago,1,20060208,-87.75,41.83
harbin,1,20060208,126.65,45.75
china,2,20060209,116.388333,39.928889
japan,1,20060209,139.751389,35.685
salvador,1,20060211,-38.48,-12.97
philadelphia,1,20060213,-75.17,40
quito,1,20060213,-78.5,-0.23
guangzhou,1,20060214,113.25,23.12
tonga,1,20060214,-175.2,-21.133333
denmark,1,20060214,12.583333,55.666667
china,13,20060214,116.388333,39.928889
baku,1,20060216,49.88,40.37
tonga,1,20060216,-175.2,-21.133333
canada,1,20060216,-75.7,45.416667
taiwan,1,20060216,121.531846,25.047763
barcelona,2,20060216,2.17,41.42
dallas,2,20060216,-96.83,32.83
china,11,20060216,116.388333,39.928889
malaysia,1,20060216,101.7,3.166667
london,2,20060216,-0.17,51.5
chicago,2,20060216,-87.75,41.83
mexico,1,20060216,-99.138611,19.434167
madrid,1,20060216,-3.71,40.41
shanghai,3,20060216,121.47,31.23
philadelphia,3,20060216,-75.17,40
phoenix,1,20060216,-112.17,33.5
macau,1,20060216,113.546111,22.200556
alexandria,1,20060216,29.92,31.22
paris,1,20060216,2.33,48.87
canada,2,20060220,-75.7,45.416667
china,6,20060221,116.388333,39.928889
tianjin,1,20060221,117.2,39.13
shanghai,3,20060221,121.47,31.23
japan,2,20060221,139.751389,35.685
france,2,20060222,2.333333,48.866667
barcelona,1,20060222,2.17,41.42
poland,2,20060222,21,52.25
spain,2,20060222,-3.683333,40.4
japan,6,20060222,139.751389,35.685
belgium,2,20060222,4.333333,50.833333
alexandria,1,20060222,29.92,31.22
taiwan,1,20060223,121.531846,25.047763
japan,4,20060223,139.751389,35.685
albania,1,20060225,19.818889,41.3275
spain,1,20060227,-3.683333,40.4
china,11,20060228,116.388333,39.928889
tonga,2,20060228,-175.2,-21.133333
france,1,20060228,2.333333,48.866667
singapore,1,20060228,20.468056,44.818611
guangzhou,1,20060228,113.25,23.12
jilin,1,20060301,126.55,43.85
tianjin,1,20060301,117.2,39.13
delhi,1,20060301,77.23,28.67
mongolia,1,20060301,106.916667,47.916667
shanghai,1,20060301,121.47,31.23
canada,3,20060301,-75.7,45.416667
japan,1,20060301,139.751389,35.685
london,1,20060301,-0.17,51.5
india,3,20060301,77.2,28.6
china,21,20060301,116.388333,39.928889
guangzhou,13,20060301,113.25,23.12
alger,53,20060302,3,36.75
japan,2,20060302,139.751389,35.685
georgia,19,20060302,44.790833,41.725
china,4,20060302,116.388333,39.928889
phoenix,1,20060303,-112.17,33.5
tokyo,5,20060303,139.75,35.67
japan,15,20060303,139.751389,35.685
chicago,2,20060303,-87.75,41.83
mexico,2,20060306,-99.138611,19.434167
canada,3,20060306,-75.7,45.416667
chicago,1,20060306,-87.75,41.83
malaysia,2,20060306,101.7,3.166667
georgia,1,20060306,44.790833,41.725
salvador,1,20060306,-38.48,-12.97
belgium,2,20060306,4.333333,50.833333
australia,4,20060306,149.216667,-35.283333
singapore,1,20060307,20.468056,44.818611
malaysia,4,20060307,101.7,3.166667
japan,2,20060307,139.751389,35.685
tokyo,2,20060308,139.75,35.67
cuba,3,20060308,-82.364167,23.131944
vienna,1,20060309,16.37,48.22
canada,3,20060309,-75.7,45.416667
tokyo,1,20060309,139.75,35.67
london,2,20060309,-0.17,51.5
russia,1,20060309,37.615556,55.752222
australia,3,20060309,149.216667,-35.283333
perth,1,20060309,115.82,-31.97
chicago,1,20060309,-87.75,41.83
georgia,7,20060309,44.790833,41.725
china,1,20060309,116.388333,39.928889
japan,2,20060309,139.751389,35.685
london,2,20060310,-0.17,51.5
china,2,20060310,116.388333,39.928889
chicago,1,20060313,-87.75,41.83
malaysia,4,20060313,101.7,3.166667
china,8,20060313,116.388333,39.928889
georgia,1,20060313,44.790833,41.725
india,3,20060313,77.2,28.6
liberia,40,20060314,-10.804722,6.310556
valencia,4,20060314,-67.98,10.23
tonga,1,20060314,-175.2,-21.133333
london,3,20060314,-0.17,51.5
china,24,20060314,116.388333,39.928889
japan,3,20060314,139.751389,35.685
guangzhou,1,20060314,113.25,23.12
tokyo,2,20060316,139.75,35.67
london,4,20060320,-0.17,51.5
france,6,20060320,2.333333,48.866667
japan,2,20060320,139.751389,35.685
paris,10,20060320,2.33,48.87
china,4,20060320,116.388333,39.928889
sweden,1,20060321,18.05,59.333333
japan,1,20060321,139.751389,35.685
paris,1,20060321,2.33,48.87
jordan,17,20060323,35.933333,31.95
canada,5,20060325,-75.7,45.416667
london,1,20060325,-0.17,51.5
guangzhou,2,20060327,113.25,23.12
chicago,1,20060327,-87.75,41.83
nanchang,1,20060327,115.88,28.68
tokyo,1,20060327,139.75,35.67
china,29,20060327,116.388333,39.928889
london,1,20060330,-0.17,51.5
taiwan,1,20060330,121.531846,25.047763
spain,1,20060330,-3.683333,40.4
barcelona,2,20060330,2.17,41.42
japan,8,20060330,139.751389,35.685
china,3,20060330,116.388333,39.928889
tokyo,1,20060330,139.75,35.67
phoenix,2,20060330,-112.17,33.5
canada,2,20060331,-75.7,45.416667
chicago,2,20060331,-87.75,41.83
tonga,1,20060331,-175.2,-21.133333
singapore,1,20060331,20.468056,44.818611
india,8,20060403,77.2,28.6
delhi,1,20060403,77.23,28.67
japan,2,20060404,139.751389,35.685
alger,9,20060404,3,36.75
china,26,20060404,116.388333,39.928889
berlin,1,20060405,13.42,52.53
japan,1,20060405,139.751389,35.685
brazil,1,20060405,-47.916667,-15.783333
tokyo,1,20060405,139.75,35.67
portugal,1,20060405,-9.133333,38.716667
china,2,20060405,116.388333,39.928889
seoul,1,20060405,10776201,127
tonga,5,20060407,-175.2,-21.133333
london,1,20060407,-0.17,51.5
china,32,20060407,116.388333,39.928889
guangzhou,1,20060407,113.25,23.12
china,10,20060409,116.388333,39.928889
guangzhou,1,20060409,113.25,23.12
japan,3,20060413,139.751389,35.685
guangzhou,3,20060413,113.25,23.12
china,37,20060413,116.388333,39.928889
tonga,4,20060413,-175.2,-21.133333
guangzhou,1,20060414,113.25,23.12
china,10,20060414,116.388333,39.928889
shanghai,3,20060417,121.47,31.23
dalian,1,20060417,121.65,38.92
harbin,2,20060417,126.65,45.75
mongolia,2,20060417,106.916667,47.916667
xian,1,20060417,108.9,34.27
china,122,20060417,116.388333,39.928889
suzhou,1,20060417,120.62,31.3
ningbo,1,20060417,121.55,29.88
canada,1,20060417,-75.7,45.416667
tianjin,4,20060417,117.2,39.13
tonga,15,20060417,-175.2,-21.133333
australia,1,20060417,149.216667,-35.283333
qiqihar,1,20060417,124,47.35
jilin,2,20060417,126.55,43.85
wenzhou,1,20060417,120.65,28.02
jinan,1,20060417,117,36.67
japan,1,20060417,139.751389,35.685
guangzhou,29,20060417,113.25,23.12
wuhan,1,20060417,114.27,30.58
indonesia,1,20060417,106.829444,-6.174444
changsha,1,20060417,112.97,28.2
chengdu,8,20060417,104.07,30.67
shanghai,3,20060418,121.47,31.23
harbin,2,20060418,126.65,45.75
dalian,1,20060418,121.65,38.92
chengdu,8,20060418,104.07,30.67
changsha,1,20060418,112.97,28.2
jinan,1,20060418,117,36.67
mongolia,2,20060418,106.916667,47.916667
jilin,2,20060418,126.55,43.85
guangzhou,30,20060418,113.25,23.12
suzhou,1,20060418,120.62,31.3
ningbo,1,20060418,121.55,29.88
australia,1,20060418,149.216667,-35.283333
canada,1,20060418,-75.7,45.416667
indonesia,1,20060418,106.829444,-6.174444
wuhan,1,20060418,114.27,30.58
tianjin,4,20060418,117.2,39.13
wenzhou,1,20060418,120.65,28.02
qiqihar,1,20060418,124,47.35
china,125,20060418,116.388333,39.928889
japan,1,20060418,139.751389,35.685
tonga,15,20060418,-175.2,-21.133333
xian,1,20060418,108.9,34.27
tianjin,1,20060419,117.2,39.13
guangzhou,1,20060419,113.25,23.12
canada,2,20060419,-75.7,45.416667
mexico,1,20060419,-99.138611,19.434167
india,1,20060419,77.2,28.6
china,12,20060419,116.388333,39.928889
vienna,1,20060420,16.37,48.22
houston,1,20060420,-95.33,29.83
singapore,1,20060420,20.468056,44.818611
india,1,20060420,77.2,28.6
china,1,20060420,116.388333,39.928889
australia,1,20060420,149.216667,-35.283333
japan,1,20060421,139.751389,35.685
jilin,2,20060423,126.55,43.85
tonga,1,20060423,-175.2,-21.133333
china,34,20060423,116.388333,39.928889
guangzhou,18,20060423,113.25,23.12
alger,23,20060424,3,36.75
india,2,20060424,77.2,28.6
japan,14,20060424,139.751389,35.685
taiwan,9,20060424,121.531846,25.047763
spain,2,20060424,-3.683333,40.4
china,6,20060424,116.388333,39.928889
jordan,1,20060425,35.933333,31.95
japan,1,20060425,139.751389,35.685
shanghai,1,20060426,121.47,31.23
japan,3,20060426,139.751389,35.685
london,1,20060426,-0.17,51.5
taiwan,3,20060426,121.531846,25.047763
alger,14,20060426,3,36.75
china,20,20060426,116.388333,39.928889
london,16,20060427,-0.17,51.5
chicago,1,20060427,-87.75,41.83
houston,2,20060427,-95.33,29.83
phoenix,1,20060427,-112.17,33.5
brazil,1,20060427,-47.916667,-15.783333
philadelphia,1,20060427,-75.17,40
germany,5,20060427,13.4,52.516667
dallas,1,20060427,-96.83,32.83
canada,2,20060427,-75.7,45.416667
france,2,20060427,2.333333,48.866667
singapore,1,20060430,20.468056,44.818611
tonga,1,20060430,-175.2,-21.133333
guangzhou,20,20060501,113.25,23.12
wenzhou,1,20060501,120.65,28.02
france,2,20060501,2.333333,48.866667
ningbo,1,20060501,121.55,29.88
xian,1,20060501,108.9,34.27
shanghai,3,20060501,121.47,31.23
tianjin,3,20060501,117.2,39.13
cuba,1,20060501,-82.364167,23.131944
mongolia,2,20060501,106.916667,47.916667
wuhan,1,20060501,114.27,30.58
chengdu,1,20060501,104.07,30.67
harbin,1,20060501,126.65,45.75
changsha,1,20060501,112.97,28.2
china,78,20060501,116.388333,39.928889
jilin,2,20060501,126.55,43.85
tonga,3,20060501,-175.2,-21.133333
suzhou,1,20060501,120.62,31.3
dalian,1,20060501,121.65,38.92
qiqihar,1,20060501,124,47.35
guangzhou,1,20060502,113.25,23.12
tokyo,1,20060502,139.75,35.67
france,1,20060502,2.333333,48.866667
tonga,1,20060502,-175.2,-21.133333
japan,6,20060502,139.751389,35.685
china,94,20060502,116.388333,39.928889
alger,25,20060502,3,36.75
seoul,1,20060502,10776201,127
phoenix,20,20060502,-112.17,33.5
taiwan,4,20060502,121.531846,25.047763
canada,4,20060503,-75.7,45.416667
india,1,20060503,77.2,28.6
australia,1,20060503,149.216667,-35.283333
dallas,2,20060503,-96.83,32.83
alger,1,20060503,3,36.75
montreal,2,20060503,-73.5833,45.5
guyana,1,20060503,-58.166667,6.8
london,1,20060503,-0.17,51.5
china,1,20060503,116.388333,39.928889
france,1,20060504,2.333333,48.866667
japan,2,20060504,139.751389,35.685
guangzhou,17,20060504,113.25,23.12
phoenix,1,20060504,-112.17,33.5
alger,1,20060504,3,36.75
jilin,1,20060504,126.55,43.85
canada,1,20060504,-75.7,45.416667
switzerland,1,20060504,7.466667,46.916667
mexico,5,20060504,-99.138611,19.434167
china,45,20060504,116.388333,39.928889
albania,3,20060504,19.818889,41.3275
tonga,1,20060504,-175.2,-21.133333
netherlands,1,20060504,4.916667,52.35
taiwan,2,20060504,121.531846,25.047763
guangzhou,1,20060508,113.25,23.12
chengdu,3,20060508,104.07,30.67
tonga,1,20060508,-175.2,-21.133333
china,24,20060508,116.388333,39.928889
barcelona,1,20060508,2.17,41.42
london,1,20060508,-0.17,51.5
spain,1,20060508,-3.683333,40.4
china,1,20060509,116.388333,39.928889
japan,2,20060509,139.751389,35.685
mexico,3,20060509,-99.138611,19.434167
georgia,1,20060509,44.790833,41.725
london,1,20060509,-0.17,51.5
bangalore,1,20060509,77.58,12.97
canada,1,20060509,-75.7,45.416667
germany,1,20060509,13.4,52.516667
spain,1,20060509,-3.683333,40.4
australia,1,20060510,149.216667,-35.283333
china,4,20060510,116.388333,39.928889
colombia,1,20060510,-74.083333,4.6
mexico,5,20060510,-99.138611,19.434167
japan,5,20060510,139.751389,35.685
peru,1,20060510,-77.05,-12.05
shanghai,2,20060510,121.47,31.23
georgia,1,20060510,44.790833,41.725
canada,2,20060510,-75.7,45.416667
mexico,2,20060511,-99.138611,19.434167
china,12,20060511,116.388333,39.928889
quito,1,20060511,-78.5,-0.23
gibraltar,4,20060511,-5.35,36.133333
australia,1,20060511,149.216667,-35.283333
taiwan,1,20060511,121.531846,25.047763
japan,6,20060511,139.751389,35.685
chicago,1,20060511,-87.75,41.83
jordan,11,20060511,35.933333,31.95
london,1,20060511,-0.17,51.5
guangzhou,1,20060511,113.25,23.12
georgia,1,20060511,44.790833,41.725
canada,5,20060511,-75.7,45.416667
japan,1,20060512,139.751389,35.685
guangzhou,1,20060515,113.25,23.12
china,17,20060515,116.388333,39.928889
cuba,1,20060515,-82.364167,23.131944
iran,1,20060516,51.677608,32.657218
china,17,20060516,116.388333,39.928889
shanghai,1,20060516,121.47,31.23
sapporo,1,20060516,141.35,43.08
manila,1,20060516,120.97,14.62
japan,2,20060516,139.751389,35.685
indonesia,1,20060516,106.829444,-6.174444
osaka,1,20060516,135.5,34.67
nagoya,1,20060516,136.88,35.13
russia,1,20060516,37.615556,55.752222
taiwan,1,20060516,121.531846,25.047763
malaysia,2,20060516,101.7,3.166667
chengdu,1,20060516,104.07,30.67
china,1,20060518,116.388333,39.928889
gibraltar,2,20060518,-5.35,36.133333
australia,1,20060518,149.216667,-35.283333
japan,2,20060518,139.751389,35.685
london,2,20060518,-0.17,51.5
chicago,1,20060518,-87.75,41.83
reunion,1,20060518,55.466667,-20.866667
georgia,1,20060518,44.790833,41.725
canada,1,20060518,-75.7,45.416667
canada,1,20060522,-75.7,45.416667
china,66,20060522,116.388333,39.928889
singapore,8,20060522,20.468056,44.818611
afghanistan,1,20060522,69.183333,34.516667
tonga,3,20060522,-175.2,-21.133333
france,1,20060522,2.333333,48.866667
dallas,2,20060522,-96.83,32.83
tianjin,1,20060522,117.2,39.13
japan,1,20060522,139.751389,35.685
jilin,1,20060522,126.55,43.85
iraq,1,20060522,44.400876,33.340582
guangzhou,14,20060522,113.25,23.12
shanghai,2,20060522,121.47,31.23
australia,1,20060522,149.216667,-35.283333
mongolia,1,20060522,106.916667,47.916667
changsha,2,20060523,112.97,28.2
qiqihar,2,20060523,124,47.35
suzhou,1,20060523,120.62,31.3
dalian,2,20060523,121.65,38.92
hangzhou,2,20060523,120.17,30.25
tonga,1,20060523,-175.2,-21.133333
china,21,20060523,116.388333,39.928889
wenzhou,2,20060523,120.65,28.02
wuhan,2,20060523,114.27,30.58
tianjin,2,20060523,117.2,39.13
ningbo,2,20060523,121.55,29.88
london,1,20060523,-0.17,51.5
shanghai,3,20060523,121.47,31.23
australia,1,20060523,149.216667,-35.283333
guangzhou,3,20060523,113.25,23.12
chengdu,2,20060523,104.07,30.67
xian,1,20060523,108.9,34.27
harbin,2,20060523,126.65,45.75
albania,5,20060524,19.818889,41.3275
valencia,5,20060529,-67.98,10.23
georgia,3,20060530,44.790833,41.725
canada,4,20060530,-75.7,45.416667
mongolia,4,20060530,106.916667,47.916667
china,5,20060530,116.388333,39.928889
mongolia,1,20060531,106.916667,47.916667
guangzhou,21,20060531,113.25,23.12
xian,1,20060531,108.9,34.27
singapore,1,20060531,20.468056,44.818611
shenyang,1,20060531,123.45,41.8
chengdu,1,20060531,104.07,30.67
hefei,1,20060531,117.28,31.85
jinan,1,20060531,117,36.67
shanghai,1,20060531,121.47,31.23
jilin,1,20060531,126.55,43.85
china,28,20060531,116.388333,39.928889
tianjin,1,20060531,117.2,39.13
hangzhou,1,20060531,120.17,30.25
tonga,1,20060531,-175.2,-21.133333
wuhan,1,20060531,114.27,30.58
changchun,1,20060531,125.35,43.87
hangzhou,2,20060601,120.17,30.25
changsha,2,20060601,112.97,28.2
montreal,6,20060601,-73.5833,45.5
harbin,2,20060601,126.65,45.75
georgia,1,20060601,44.790833,41.725
qiqihar,2,20060601,124,47.35
china,20,20060601,116.388333,39.928889
guangzhou,3,20060601,113.25,23.12
tonga,1,20060601,-175.2,-21.133333
tianjin,2,20060601,117.2,39.13
ningbo,2,20060601,121.55,29.88
canada,1,20060601,-75.7,45.416667
suzhou,1,20060601,120.62,31.3
dalian,2,20060601,121.65,38.92
wuhan,2,20060601,114.27,30.58
wenzhou,2,20060601,120.65,28.02
shanghai,2,20060601,121.47,31.23
xian,1,20060601,108.9,34.27
chengdu,2,20060601,104.07,30.67
phoenix,1,20060601,-112.17,33.5
mexico,1,20060605,-99.138611,19.434167
vietnam,1,20060605,105.85,21.033333
chicago,1,20060605,-87.75,41.83
mali,1,20060605,-8,12.65
thailand,1,20060605,100.501444,13.753979
brazil,1,20060605,-47.916667,-15.783333
canada,1,20060605,-75.7,45.416667
india,3,20060605,77.2,28.6
france,1,20060607,2.333333,48.866667
guangzhou,1,20060607,113.25,23.12
vietnam,1,20060607,105.85,21.033333
spain,1,20060607,-3.683333,40.4
osaka,1,20060607,135.5,34.67
singapore,1,20060607,20.468056,44.818611
perth,2,20060607,115.82,-31.97
thailand,1,20060607,100.501444,13.753979
china,12,20060607,116.388333,39.928889
taiwan,1,20060607,121.531846,25.047763
shanghai,4,20060607,121.47,31.23
tokyo,3,20060607,139.75,35.67
japan,3,20060607,139.751389,35.685
russia,1,20060607,37.615556,55.752222
seoul,1,20060607,10776201,127
china,7,20060608,116.388333,39.928889
tokyo,3,20060608,139.75,35.67
canada,1,20060608,-75.7,45.416667
singapore,1,20060608,20.468056,44.818611
osaka,1,20060608,135.5,34.67
japan,5,20060608,139.751389,35.685
seoul,1,20060608,10776201,127
shanghai,1,20060608,121.47,31.23
perth,2,20060608,115.82,-31.97
brazil,1,20060612,-47.916667,-15.783333
paris,2,20060612,2.33,48.87
japan,2,20060612,139.751389,35.685
australia,1,20060612,149.216667,-35.283333
london,1,20060612,-0.17,51.5
jordan,1,20060612,35.933333,31.95
chicago,1,20060614,-87.75,41.83
guangzhou,1,20060614,113.25,23.12
china,28,20060614,116.388333,39.928889
phoenix,1,20060614,-112.17,33.5
tonga,1,20060614,-175.2,-21.133333
chicago,3,20060615,-87.75,41.83
germany,1,20060615,13.4,52.516667
london,1,20060615,-0.17,51.5
japan,2,20060616,139.751389,35.685
guangzhou,1,20060619,113.25,23.12
china,31,20060619,116.388333,39.928889
tonga,1,20060619,-175.2,-21.133333
china,2,20060620,116.388333,39.928889
tianjin,1,20060621,117.2,39.13
bahamas,1,20060621,-77.35,25.083333
guangzhou,14,20060621,113.25,23.12
tonga,1,20060621,-175.2,-21.133333
dallas,1,20060621,-96.83,32.83
belgium,2,20060621,4.333333,50.833333
barbados,1,20060621,-59.616667,13.1
montreal,2,20060621,-73.5833,45.5
jilin,1,20060621,126.55,43.85
china,39,20060621,116.388333,39.928889
belize,1,20060621,20.468056,44.818611
georgia,1,20060622,44.790833,41.725
shanghai,4,20060622,121.47,31.23
phoenix,2,20060622,-112.17,33.5
london,2,20060622,-0.17,51.5
melbourne,1,20060622,144.97,-37.75
france,1,20060622,2.333333,48.866667
australia,1,20060622,149.216667,-35.283333
tokyo,1,20060622,139.75,35.67
barcelona,1,20060623,2.17,41.42
tokyo,1,20060623,139.75,35.67
georgia,2,20060623,44.790833,41.725
japan,2,20060623,139.751389,35.685
germany,2,20060623,13.4,52.516667
madrid,1,20060628,-3.71,40.41
taipei,1,20060628,121.45,25.02
libya,2,20060628,13.18,32.8925
taiwan,1,20060628,121.531846,25.047763
japan,1,20060628,139.751389,35.685
spain,1,20060628,-3.683333,40.4
tokyo,2,20060628,139.75,35.67
china,11,20060629,116.388333,39.928889
guangzhou,1,20060629,113.25,23.12
tonga,2,20060629,-175.2,-21.133333
tonga,1,20060630,-175.2,-21.133333
singapore,1,20060630,20.468056,44.818611
london,1,20060701,-0.17,51.5
canada,1,20060701,-75.7,45.416667
japan,1,20060701,139.751389,35.685
phoenix,1,20060701,-112.17,33.5
netherlands,1,20060701,4.916667,52.35
